대분류,중분류_1,중분류_2,소분류_1,소분류_2,대표질문,유사표현,답변,답변 출처 (URL)
분야별 정보,복지/보건,복지정보,사회복지,국민기초생활보장사업_일반,국민기초생활보장사업이 뭐에요?,"국민기초생활보장사업 지원대상이 알고싶어요
","✔사업안내
’15.7.1 맞춤형 기초생활보장제도 시행으로 수요자 중심의 맞춤형 복지, 일하는 복지, 효율적인 복지로 급여 항목별 체계적인 지원을 통해 더! 많은 분들에게 꼭 ! 필요한 도움을 드립니다.

✔지원대상
소득인정액 기준과 부양의무자 기준 동시 충족자 (소득인정액 = 소득과 재산을 소득으로 평가‧환산한 금액)

",https://www.brcn.go.kr/welfare/sub01_01.do
,,,,국민기초생활보장사업_급여별 선정기준,국민 기초 생활보장사업 급여별 선정기준을 알려주세요,"국민 기초 생활보장사업 급여별 선정기준이 뭐야?

부양의무자 기준은 뭐에요?
부양의무자의 범위를 알려주세요","✔급여별 선정기준(단위:원/월)

구분 1인가구 2인가구 3인가구 4인가구 5인가구
기준중위소득 1,672,105 2,847,097 3,683,150 4,519,202 5,355,254
생계(중위소득 30%) 501,632 854,129 1,104,945 1,355,761 1,606,576
의료(중위소득 40%) 668,842 1,138,839 1,473,260 1,807,681 2,142,102
주거(중위소득 43%) 719,005 1,224,252 1,583,755 1,943,257 2,302,759
교육(중위소득 50%) 836,053 1,423,549 1,841,575 2,259,601 2,677,627
<URL주소 표 참조>
* 중위소득이란? 전국의 모든가구를 소득별로 순위를 매겼을 때, 한가운데 위치하는 가구의 소득을 말합니다.

✔부양의무자 기준은 부양의무자가 없거나, 부양의무자가 있어도 부양능력이 없거나 부양을 받을 수 없는 경우를 말합니다.
✔부양의무자의 범위: 수급권자의 1촌 직계혈족 및 그 배우자입니다. (다만, 배우자가 사망한 경우 사위·며느리·계부·계모는 제외)",https://www.brcn.go.kr/welfare/sub01_01.do
,,,,국민기초생활보장사업_급여별 지원내용,국민기초생활보장사업_급여별 지원내용,"국민기초생활보장사업 생계급여 지원내용 알려줘
국민기초생활보장사업 의료급여 지원내용 알려줘
국민기초생활보장사업 주거급여 지원내용 알려줘
국민기초생활보장사업 임차가구 지원내용 알려줘
국민기초생활보장사업 교육급여 지원내용 알려줘
국민기초생활보장사업 교육급여 문의번호 알려줘","생계급여
일상생활에 기본적으로 필요한 생계비 지원으로 가구별 생계급여 선정기준액에서 소득인정액을 뺀 금액을 현금으로 지원

의료급여
질병, 부상, 출산 등의 상황에서 필요한 의료서비스를 낮은 본인 부담으로 이용하실 수 있습니다.
(생계.의료 문의: 보건복지콜센터 129)

주거급여
임차 가구는 전‧월세 비용을 지원, 자가 가구는 낡은 집을 고쳐드립니다.(주거급여 문의: 주거급여 콜센터 1600-0777)

임차가구: 기준 임대료를 상한으로 실제 전‧월세비용 지원

교육급여
아이들이 열심히 공부할 수 있도록 입학금, 수업료, 학용품비 등을 지원합니다. (교육급여 문의: 교육급여 콜센터 1544-9654)",
,,,,국민기초생활보장사업_지원절차,국민기초생활보장사업이 지원절차 알려주세요,"국민기초생활보장사업 상담 및 신청은 어디서 하나요?
국민기초생활보장사업 조사 및 심사는 어떤것을 하나요?
국민기초생활보장사업 급여 결정, 통지는 언제 알수 있나요?
국민기초생활보장사업 신청에 비용이 드나요?
","지원절차 안내 입니다.
✔상담 및 신청은 주민등록상 주소지 읍·면·동 주민센터, 연중 가능합니다.
✔조사 및 심사는 가구 소득·재산, 부양의무자 등 조사
✔급여결정, 통지는 30일 이내 통지(60일 이내 연장가능)
* 신청에는 비용이 들지 않습니다, 금품을 요구하며 접근하는 경우 절대 응하지 마십시오.",https://www.brcn.go.kr/welfare/sub01_01.do
,,,,자활근로사업,자활근로사업이 뭐에요?,"자활근로사업
자활근로사업 대상 알려줘
자활근로산업 사업종류 알려줘
자활근로산업 신청방법은 뭔가요??
자활근로산업 구비서류는?
자활근로산업 문의하고 싶어요
","자활근로사업이란 저소득층의 자활의욕 고취 및 일자리제공으로 자립계기 마련을 위한 제도입니다.

대상은 조건부수급자, 자활급여특례자, 차상위자활, 일반수급자 입니다.

사업종류는 민간위탁사업 (자활공동체), 직접사업 (환경정비, 복지도우미사업)이 있으며,

신청방법은
읍 · 면 · 동 주민센터에 방문하여 신청서 작성 제출하시면 됩니다.

신청시 필요한 구비서류
자활근로사업신청서, 자활근로사업 조건표 입니다.

문의사항이 있으시면 자활의료담당자 041-930-3367로 문의 부탁드립니다.",https://www.brcn.go.kr/welfare/sub01_02.do
,,,,자산형성사업,자산 형성사업이 뭐에요?,,,https://www.brcn.go.kr/welfare/sub01_03.do
,,,,의료급여사업_일반,의료 급여사업에 대해 알려줘,의료 급여사업이 뭐에요?," 의료급여사업은 생활유지능력이 없거나 생활이 어려운 국민들에게 발생하는 의료문제인 개인의 질병, 부상, 출산 등에 대해 진찰·검사, 치료 등의 의료급여 서비스를 제공하는 사업입니다.

문의
자활의료담당자 041-930-3367, 041-930-3366, 041-930-3369",
,,,,의료급여사업_대상,의료급여사업 대상을 알려주세요,의료급여사업 대상은 누구야?,"의료급여사업의 대상은
✔국민기초생활보장수급권자
✔행려환자
환자의 거소가 불분명하고
행정기관 (경찰관서, 소방관서 (119구급대원) 등) 이 ‘응급의료에 관한 법률’에서 정하는 응급진료를 받게 하였으며
부양의무자 (1촌 이내의 직계혈족 및 그 배우자) 가 없는 무연고자이거나 부양의무자가 있어도 부양능력이 없거나 부양 받을 수
없는 경우의 환자

✔타 법에 의한 수급권자는
“재해구호법”에 의한 이재민
“의사상자 예우에 관한 법률”에 의한 의상자 및 의사자의 유족
입양촉진 및 절차에 관한 특례법”에 의해 국내에 입양된 18세 미만의 입양아동
“국가유공자 등 예우 및 지원에 관한 법률”과 “독립유공자 예우에 관한 법률”에서 정하는 국가유공자 및 그 가족
“문화재 보호법”에 의한 중요무형문화재 보유자 및 그 가족
“북한이탈주민의 보호 및 정착지원에 관한 법률”에 적용받고 있는 북한 이탈주민 (새터민) 과 그 가족
“5․18 민주화운동 관련자 보상 등에 관한 법률”에 의한 5․18 민주화운동 관련자 및 그 유족
✔″노숙인 등의 복지 및 자립지원에 관한 법률″에 따른 노숙인

문의
자활의료담당자 041-930-3367, 041-930-3366, 041-930-3369",
,,,,의료급여사업_급여기준,의료급여사업의 급여기준을 알려주세요,"
의료급여사업 급여기준을 알려줘
의료급여사업 급여절차 알려줘
의료급여사업 지원내용 알려줘","급여기준에 따른
급여내용은
진찰․검사, 약제․치료재료 지급, 처치․수술, 예방․재활, 간호, 이송 등 (의료급여법 제7조)입니다.
급여범위 및 급여비용
건강보험과 유사 (정신과 등 일부 수가체계 상이)
급여절차 : 3단계 1단계 1차 의료급여기관(의원, 보건소, 보건지소, 보건진료소, 보건의료원)에서 2단계 2차 병원, 종합병원으로 의료급여릐뢰서를 의뢰하면 3단계 3차 복지부장관이 지정한 진료기관으로 의료급여의뢰서가 넘어간 뒤 2차 의료기관 1차의료기관으로 회송한다. ※ 의료급여의 절차에 의하지 않고(의료급여의뢰서 없이) 의료급여기관을 이용한 경우에는 소요된 비용의 총액은 100/100 본인 부담하여야 합니다.
본인 부담금액
구분 1차기관 2차기관 3차기관 약국
1종 외래 1,000원 1,500원 2,000원 500원
입원 본인부담 없음 본인부담없음 본인부담없음 -
2종 외래 1,000원 급여비용의 15% 급여비용의 15% 500원
입원 급여비용의 10% 급여비용의 10% 급여비용의 10% -
2종 장애인 외래 250원 본인부담없음 본인부담없음 500원
입원 본인부담없음 본인부담없음 본인부담없음 -",
,,,,의료급여사업_지원내용,의료급여사업 지원내용을 알려주세요,"의료급여사업<OO> 지원내용 알려줘
<건강생활유지비,장애인보장구,임신 · 출산 진료비,노인틀니지원>","지원내용
건강생활유지비
지원대상 : 의료급여 1종 수급권자
지원내용 : 본인이 외래진료를 받는 경우 본인부담금으로 사용할 수 있도록 비용 일부 지원
지원금액 : 1인당 매달 6천원 (건강보험공단 가상계좌 매월 1일 입금)
장애인보장구
지원대상 : 의료급여수급권자 중 장애인복지법에 등록한 장애인
지원품목 : 의지, 보조기, 보청기, 수동휠체어, 전동스쿠터, 전동휠체어 등
지원금액 : 1종, 2종 (기준액 범위 내에서 구입가 전액)
신청서류 : 보장구처방전 (거주지 동일 시 · 도내 의료급여기관 발급), 보장구급여신청서
임신 · 출산 진료비
지원대상 : 의료급여수급권자 중 임신이 확인된 자
지원내용 : 보장기관에서 임신․출산 진료비 지원을 결정한 날부터 ~ 출산 예정일 + 60일
지원금액 : 1,2종 구분 없이 50만원 (기간 내에 사용하지 못한 잔액은 소멸)
신청서류 : 의료급여 임신·출산 진료비 지원 (변경) 신청서 1부, 임신사실증명서 (의사 소견서) 1부
노인틀니지원
지원대상 : 만70세 이상 의료급여 수급권자
적용대상 : 레진상, 금속상 완전틀니, 클라스프 부분틀니,사전 임시틀니, 사후 유지관리
적용횟수 : 7년 주기로 1회 적용, 중복급여 금지
지원금액 : 의료급여비용 총액의 1종수급권자는 80%, 2종수급권자는 70%
신청서류 : 의료급여 틀니 대상자 등록 신청서",https://www.brcn.go.kr/welfare/sub01_04.do
,,,,의료급여사업_의료급여 제한 사유,의료급여사업 중 의료급여 제한 사유 알려주세요,의료급여사업 중 의료급여 제한 사유 알고싶어요 ,"교통사고 (오토바이, 경운기, 자동차 등), 산업재해, 폭행, 구타, 본인의 고의 또는 중대한 과실 (자살시도) 등으로 인한 병원진료는
의료급여 적용이 제한되며 의료급여증 대여(타인), 의약품 판매행위등 적발시에는 급여중지 및 법적 처벌을 받게됩니다.

문의
자활의료담당자 041-930-3367, 041-930-3366, 041-930-3369",
,,,,지역사회서비스투자사업_일반,지역사회서비스투자사업에 대해 알려줘,지역사회서비스 투자사업에 대해 알고싶어요  ,"사회서비스바우처는 노인, 장애인, 아동 등 사회서비스를 필요로 하는 사람들에게 일종의
이용권(카드)을 발급하여 서비스를 받을수 있도록 하는 제도입니다",
,,,,지역사회서비스투자사업_신청절차,지역사회서비스투자사업_신청절차를 알려주세요,"지역사회서비스 신청권자는 누구에요?
지역사회서비스 신청기간은 언제에요?
지역사회서비스 신청방법 알려줘","신청절차
신청권자는 사회복지서비스를 필요로 하는 자와 그 친족 그 밖의 관계인 입니다.
신청기간은 연중 (수시)입니다.  ※ 예산 소진시 조기 마감될수 있습니다.
신청방법은 거주지 읍 · 면 · 동 주민센터 직접방문 신청
제출서류는 관련신청서 및 안내동의서 등 관련 증빙서류",
,,,,지역사회서비스투자사업_지원내용,지역사회서비스투자사업_지원내용을 알려주세요,지역사회서비스투자사업_지원내용은 뭐야?,"아동 · 청소년 심리지원서비스 (아동심리케어)
아동비전형성지원 서비스
장애인 · 노인을 위한 돌봄여행서비스
시각장애인 안마서비스
장애인보조기기렌탈
정신건강토탈케어서비스
보행불편노인을 위한 보행보조기렌탈서비스
가사 · 간병 방문지원사업

문의
복지기획담당자 041-930-3361",
,,,,행복키움지원_일반,행복키움지원이 뭐에요?,행복키움지원 서비스에 대해 알려줘,"행복키움지원 서비스는 지역사회 공공 · 민간자원의 협력을 토대로 나눔문화를 확산하고 복지, 보건, 고용, 주거, 교육 등
필요한 서비스를 통합적으로 제공하는 맞춤형 복지서비스입니다.",https://www.brcn.go.kr/welfare/sub01_05.do
,,,,행복키움지원_행복키움지원단 시스템,행복키움지원단 시스템이 뭐에요?,행복키움지원 시스템에 대해서 알려줘 ,"
<이미지참고>행복키움지원_행복키움지원단 시스템
https://www.brcn.go.kr/images/specific/welfare/sub1/sub01_06_img02.gif
",https://www.brcn.go.kr/welfare/sub01_06.do
,,,,행복키움지원_서비스 제공 절차,행복키움지원이 서비스 제공 절차를 알려주세요,"행복키움지원 사례관리가구는?
행복키움지원 서비스 연계가구는?
행복키움지원 서비스 처리기한 알려줘","읍 · 면 · 동에서 초기상담 실시 이후 의뢰된 대상자에 대해 모두 욕구조사를 실시하고, 그 결과를 토대로 내부사례회의를 통해 사례관리, 서비스연계가구로 구분 적용합니다.

✔사례관리가구 : 1개월 이상의 중장기적 개입이 필요한 가구
✔서비스연계가구 : 욕구가 단편적이어서 1개월 미만의 단기적 개입이 가능한 가구
✔서비스 처리기한 : 대상자 접수일로부터 30일내 서비스제공계획 수립",https://www.brcn.go.kr/welfare/sub01_07.do
,,,,보훈_참전명예수당 및 생일축하금,보훈_참전명예수당 및 생일축하금에 대해 알고싶어,"보훈_참전명예수당 및 생일축하금 신청방법에 대해 알려줘
보훈_참전명예수당 및 생일축하금 지원대상은?
보훈_참전명예수당 및 생일축하금 지급시기는?
보훈_참전명예수당 및 생일축하금 지원금액은?","신청방법 : 거주지 읍 · 면 · 동 사무소
지원대상 : 「참전유공자예우 및 단체설립에 관한 법률」 제2조 제2호 및 4호에 따라 국가보훈처에 등록된 참전 유공자로 현재 보령시에 주소를 둔 사람
지급시기 : 신청이 있는 달부터 매월 말일 지급
지원금액 : 월 15만원 내 지급(참전명예수당 10만원, 생일축하금 5만원)
※ 참전유공자 사망시 장제보조비 15만원 지급",
,,,,보훈_보훈명예수당,보훈_보훈명예수당에 대해 알려줘,"보훈_보훈명예수당 신청방법 알려줘
보훈_보훈명예수당 지원대상은?
보훈_보훈명예수당 지급시기는?
보훈_보훈명예수당 지원금액은?","신청방법 : 거주지 읍 · 면 · 동 사무소
지원대상 : 국가유공자 등 예우 및 지원에 관한 법률 제4조의제1항제1호부터 제3호까지에 해당하는 순국선열, 애국지사,
전몰군경 및 유족 (국가보훈처에서 발급한 유족증 소지자) 로 신청일 현재 보령시에 주민등록이 되어있는 자. 단 현 유족증 소지자가
사망 시 승계받은 유족 1명에게만 수당이 지급되며 다른 유족에게 이전되지 아니함
지급시기 : 신청이 있는 달부터 매월 말일 지급
지원금액 : 월 5만원",
,,,,보훈_보훈단체현황,보훈단체 현황에 대해 알려줘,보훈_보훈단체현황은?,"https://www.brcn.go.kr/welfare/sub01_07.do
보훈단체현황 <표>",
,,,어르신,노인복지지원_ 일반(설명+지급대상),노인복지지원에 대해서 알려줘,"노인복지지원이 뭐에요?
기초연금제도가 뭐에요?
노인복지지원 지급대상은 뭐에요?","기초연금제도
만 65세 이상 노인 중 소득과 재산이 적은 70%의 노인에게 매달 일정액의 연금을 지급하여 안정적인 소득기반을 제공함으로써
노인의 생활 안정을 지원하고 복지를 증진 (2014년 5월 20일 기초연금법 제정)

지급대상
만65세 이상이며, 소득 · 재산 조사 결과 소득인정액이 선정기준액 이하인 어르신
※ 소득인정액 : 월 소득평가액 + 재산의 소득환산액
※ 2018년 선정기준액 : 단독 131만 / 부부 209.6만",
,,,,노인복지지원_연금액선정 및급여기준,노인복지지원 연금액 선정에 대해 알려주세요,"노인복지지원 연금액 선정이 뭐에요?
노인복지지원 연금액 지급 알려주세요
노인복지지원 연금액 선정 및 급여기준을 알려주세요","연금액
신청자의 소득인정액과 국민연금의 유형에 따라 지급액을 결정
신청에 근거하여 공적자료에 의한 소득재산 조사를 거쳐야 정확한 기초연금 지급액을 알 수 있음
단독가구 (1인) 부부가구 (2인)
2 ~ 20만원 차등 지급 4 ~ 32만원 차등 지급
선정 및 급여 기준
대상자 선정 (소득인정액 산정) 은 가구단위 (부부합산) 로, 급여 지급 (기초연금액 산정) 은 개인단위",
,,,,"
노인복지지원_신청방법,신청기간,구비서류 기타 문의 및 안내",노인복지지원 신청방법에 대해서 알려주세요,"노인복지지원 신청방법은?
노인복지지원 신청은 누가하나요?
노인복지지원 신청기간은?
노인복지지원 구비서류는?
노인복지지원 문의번호 알려주세요","


신청방법
방문신청 : 주소지 동 주민센터 또는 국민연금공단지사
온라인신청 : 복지로 (http://online.bokjiro.go.kr) 로 집에서 신청
(본인, 배우자, 동일주소 자녀가 신청할 수 있으며 신청자 및 배우자, 대리신청자의 공인인증서 필요)
신청기간
만65세 (1953년생) 생일이 속하는 달의 1개월 전부터 신청 · 접수 가능
구비서류
신분증, 연금 지급대상자 명의 통장, 신청서, 금융정보제공동의서, 소득재산신고서 등 (대리 신청시 대리인의 신분증, 위임장 등을 추가로 제출)
기타 문의 및 안내
사회복지과 노인복지 담당 041-930-3317 기초연금제도 연금액",
,,,,노인복지시설,노인복지시설에 대해 알려줘,"노인복지시설은 뭐야?
노인복지시설 위치 알고싶어
노인복지시설 무슨일해?","노인요양시설 및 요양공동생활가정
복지용구제공사업소
방문간호
방문요양
주야간보호
방문목욕
https://www.brcn.go.kr/welfare/sub07_02.do
<위치,번호,표참고>",
,,,,노인사회활동지원_일반,노인사회활동지원에 대해 알고싶어요,"노인사회활동지원 신청 대상은?
노인사회활동지원 모집방법은?
노인사회활동지원근무기간 및 여건은?","신청대상 및 모집방법
만65세 이상 기초연금 수급권자로 근로 능력 있는 어르신
수행기관별 모집 (2월중), 인원부족시 수시모집
근무 기간 및 여건
9개월 (3 ~ 11월), 20만원, 월 30 ~ 35시간, 주 2 ~ 3회 근무",
,,,,노인사회활동지원_사업내용 및 사업효과,노인사회활동지원_사업내용 및 사업효과가 알고싶어요,"노인사회활동지원 사업내용 알려줘
노인사회활동지원  사업효과 알려줘","사업내용
공익활동
전국형 (4개 프로그램) : 저소득 재가노인의 안정적 생활유지 서비스 제공 (주요사업 : 어르신 안부묻기, 말벗서비스,
도시락배달서비스 등)
지역형 : 지역특성에 맞게 필요한 공공사업 발굴 및 사업추진 (주요사업 : 아동안전보호, 초등학교 급식도우미, 지역사회 환경개선, 어르신강사파견, 노인확대예방, 아동 · 청소년 보호지원 등 )
취업활동
인력파견형 : 수요처와 연계하여, 필요한 인력 파견 (주요사업 : 잔디식재 등 인력파견 등)
창업활동
공동작업형 : 영농사업으로 작물, 화훼재배를 통한 수익창출 (주요사업 : 황금분재원, 지역영농사업 등)
제조판매형 : 제조판매를 통한 수익창출 (주요사업 : 누룽지 판매 )
사업효과
노인의 능력과 적성에 맞는 사회적 일자리를 창출하여 노인의 건강유지, 사회참여 확대, 소득보장 등 노인복지향상으로
고령사회에 적극 대비",
,,,여성/가족,노인사회활동지원_사업수행기관,노인사회활동지원_사업수행기관은 뭐야?,노인사회활동지원_사업수행기관 번호 알려줘,"사업수행기관 (4개소)
보령시 사회복지과 (읍 ‧ 면 ‧ 동), 대한노인회보령시지회 (041-931-2968), 보령노인종합복지관 (041-931-7677),
보령효나눔센터 (041-931-8491)",
,,,,무연분묘 개장공고,무연분묘 개장공고 알려줘,무연분묘 공고사항 알려줘,https://www.brcn.go.kr/cop/bbs/BBSMSTR_000000000682/selectBoardList.do,
,,,,여성권익증진사업,여성권익증진사업에 대해 알려줘,"여성자치대학 운영 시기 알려줘
여성 발명 창의교실 운영시기 알려줘
 여성친화 아카데미 운영 시기 알려줘
여성주간 기념행사 시기 알려주세요
","여성의 능력개발과 사회참여 확대 사업
여성자치대학 운영: 6 ~ 8월 (10회) / 道와 연계
여성 발명 창의교실 운영: 3월 중 / 35명
여성친화 아카데미 운영: 연 3회 / 450명
여성주간 기념행사 : 7월 중 / 800명
여성 리더의 품격 UP 교육: 1회 / 50명",https://www.brcn.go.kr/welfare/sub03_01.do
,,,,다문화가족지원_다문화가족지원센터 및 주요사업 현황,다문화가족지원_다문화가족지원센터 및 주요사업 현황을 알려주세요,"다문화가족지원_다문화가족지원센터 및 주요사업 현황
","센터현황
보령시 보령시 주공로 50(명천동) 041-936-8506
주요사업
센터 운영 교육사업
한국어교육 : 1~4단계 및 특별반 운영
방문교육 : 한국어교육·부모교육·자녀생활 서비스
다문화가족통합교육 :
가족교육, 배우자·부부교육, 부모자녀교육, 다문화이해교육 등
다문화가족취업연계 및 교육지원
상담사업
상담 및 사례관리
문화사업
다문화가족 나눔봉사단, 다문화가족 자조모임
홍보 및 정보 제공
다문화 인식개선 및 지역사회 홍보, 지역사회 네트워크 강화
특성화사업
통번역서비스 : 중국어, 베트남어, 필리핀어, 러시아어
언어발달지원 : 언어평가 및 교육이 필요한 다문화가족 자녀(만12세 이하)",https://www.brcn.go.kr/welfare/sub03_02.do
,,,,다문화가족지원_보령시 미혼자 국제결혼과 정착을 통한 다문화가정 지원,다문화가족지원_보령시 미혼자 국제결혼과 정착을 통한 다문화가정 지원 대상과 지원금액 알려주세요,"보령시 미혼자 국제결혼과 정착을 통한 다문화가정 지원 대상은?
보령시 미혼자 국제결혼과 정착을 통한 다문화가정 지원 금액은?","대상
만35세이상 만50세이하인 농업인 및 어업인 중 국제결혼일 3년이상 전부터 계속 관내 거주자(지원대상일로부터 6개월이내 신청)
지원금액
결혼지원금 100만원
첫째 아이를 출산시 정착지원금 200만원
둘째 아이를 출산시 정착지원금 200만원",https://www.brcn.go.kr/welfare/sub03_03.do
,,,,한부모가족지원_지원대상,한부모가족지원_지원대상을 알려줘,"한부모가족지원_지원대상은?
한부모가족지원_한부모(모 · 부자) 가족 조건은
한부모가족지원_조손가족의 조건은
한부모가족지원_청소년 한부모가족의 조건은","다음에 해당하는 세대주인 모(母) 또는 부(父)와 만 18세미만(취학 시 만 22세 미만)의 자녀로 이루어진 가정으로서, 2017년 선정기준(소득인정액 기준)을 충족한 자
※ 2012년도부터는 한부모가족에 만18세(취학 시 만22세) 이상의 자녀가 있을 경우에는 그 자녀를 제외한 나머지 가족구성원을 보호함.

※ 지원아동의 나이가 만 18세(취학 시 만22세, 군복무후 취학시 병역의무기간을 가산한 연령)가 도달하는‘연도말’ 까지 지원

한부모(모 · 부자) 가족
배우자와 사별 또는 이혼했거나(이혼소송 중인 자는 제외) 배우자로부터 유기된 자
정신 또는 신체장애로 인하여 6개월 이상 장기간 근로(노동)능력을 상실한 배우자를 가진 자
(경제활동으로 소득이 있는 경우는 제외, 공적자료로 파악)
미혼모 또는 미혼부 (사실혼 관계에 있는 자는 제외)
배우자의 생사가 분명하지 않은 자
※ 배우자의 실종선고 절차가 진행중인 자, 관할 시군구청장이 가출 또는 행방불명 사실을 확인한 경우(거주 불명등록자, 주민등록 직권말소 등)
가정폭력 등에 의한 배우자 또는 배우자 가족과의 불화 등으로 인하여 가출한 자
배우자의 군복무로 인하여 부양을 받을 수 없는 자
배우자의 장기복역으로 인하여 부양을 받을 수 없는 자
국내에 체류하고 있는 외국인(출입국관리법 제31조에 따른 외국인 등록을 마친 자) 중 대한민국 국민과 혼인 하여 대한민국 국적의 아동을 양육하고 있는 경우로서 위의 조건을 갖춘 자
(미혼모 또는 미혼부 제외)
조손가족
부모로부터 부양을 받지 못하는 아동과 그 아동을 양육하는 (외)조부 또는 (외)조모
청소년 한부모가족
한부모가족(모 · 부자가족)의 조건을 갖춘 경우로써 모 또는 부의 연령이 만 24세 이하인 가족
*2017년도 지원대상 연령은 1992년1월1일 이후 출생한 한부모",https://www.brcn.go.kr/welfare/sub03_00.do
,,,,한부모가족지원_2017년 선정기준(소득인정액 기준),한부모가족지원 _ 선정기준은?(소득인정액 기준),한부모가족지원_ 선정기준 알려줘 ,"구분 2인 3인 4인 5인 6인
한부모 및 조손가족
(기준중위소득의 52%) 1,463,513 1,893,276 2,323,038 2,752,799 3,182,562
청소년 한부모가족
(기준 중위소득의 60%) 1,688,669 2,184,549 2,680,428 3,176,307 3,672,187
<참고> 생계급여 수급자
(기준 중위소득의 30%) 844,335 1,092,274 1,340,214 1,588,154 1,836,093",https://www.brcn.go.kr/welfare/sub03_01.do
,,,,한부모가족지원_지원내용,한부모가족지원_지원내용은?,"한부모가족지원_한부모가족 지원내용을 알려줘
한부모가족지원 <ㅇㅇㅇ>알려줘
-아동양육비,추가아동양육비,월동비,자녀학비,자녀학습지원비,학용품비,교복지원비
한부모가족지원_청소년 한부모가족 지원내용을 알려줘
청소년 한부모 가족지원<ㅇㅇㅇ> 알려줘
-지급시기, 지원액,지급대상,지원계획","한부모가족 (‘부’ 또는 ‘모’의 연령이 만 25세 이상인 경우)
청소년 한부모가족 (‘부’ 또는 ‘모’의 연령이 만 24세 이하인 경우)
아동양육비 만 13세미만 아동
※ 2004년1월1일 이후 출생아동 자녀 1인당 월 120,000원
※신규책정자의 경우 신청월로 소급지원 매월 20일
추가아동양육비 만 5세이하 아동
(25세이상 미혼한부모, 조손가족)
※ 2011년1월1일 이후 출생아동 자녀 1인당 월 50,000원
※신규책정자의 경우 신청월로 소급지원 매월 20일
월동비 가구별 가구당 연 300,000원 10월말
자녀학비 고등학교 재학중인 자녀 입학금 및 수업료 지원
(학적조회후 학교별 은행계좌 입금)
※ 나머지 금액은 교육청에서 지원 3,6,9,12월
(말일)
자녀학습지원비 초 · 중 · 고등학교 재학중인 자녀
초등학생 연 200,000원
중학생 연 300,000원
고등학생 연 400,000원
반기별
학용품비 중 ·고등학교 재학중인 자녀 연 1회 / 54,100원 지원 연중
교복지원비
(보령시 시책) 중 ·고등학교 신입생
동복 250,000원 지원
하복 150,000원 지원
반기별",https://www.brcn.go.kr/welfare/sub03_02.do
,,,,한부모가족지원_기타 지원내용,한부모가족지원_한부모가족 주거지원 내용을 알려줘,"한부모가족 주거지원 알려줘
한부모가족 주거지원 내용은 뭐가있어?","한부모가족 주거지원
영구임대주택, 기존주택 매입임대주택, 영세민 전세임대주택 입주 신청에 “무주택 저소득 한부모 가족”은 1순위로 신청 가능
자동차 검사 수수료 감면
교통안전공단 자동차 정기 및 종합검사 수수료 50% 감면
무인민원 발급기에서 한부모가족 증명서 발급 가능
이동통신요금 감면혜택 (기본료 및 통화료의 35% 감면됨)
⇒ “복지전화신청용수급자증명서” 발급 후 통신사에 방문 제출, 1가구당 총 4명까지 가능
건강보험료 지원
지역가입자 해당, 부과소득 및 재산기준에 따라 월 보험료 10~30% 경감
⇒ 국민건강보험공단에 “한부모가족 증명서” 제출
전기요금 할인
차상위계층(한부모가족 해당)은 월 최대 2,000원 감면 (☎ 국번없이 123에 문의)
취업성공패키지
고용노동부 사업, 취업상담 및 연계, 교육 등
⇒ 고용노동부 ☎ 1350 문의
자녀양육비 및 친자확인인지청구 소송지원사업
여성가족부가 소송비용 전액 지원 (문의전화 : ☎ 국번없이 132)
차상위 양곡할인혜택(주소지 읍·면·동주민센터 신청)",https://www.brcn.go.kr/welfare/sub03_03.do
,,,,한부모가족지원_관련 사업안내,한부모가족지원_관련 사업을 알려줘,"한부모가족지원_관련 사업중 양육비이행관리원이 뭐야?
한부모가족지원_관련 사업중 한부모가족 자녀양육비 이행확보 무료법률지원사업은 뭐야?","양육비이행관리원 (여성가족부 산하)
지원내용 : 복잡한 절차와 많은 비용으로 양육비를 포기한 양육부 · 모들의 어려움을 덜어내고, 자녀양육비 확보를 위하여 정부에서 양육비 이행 원스톱 종합서비스를 제공
양육비 관련 상담 및 협의성립 지원
양육비 청구 및 이행확보 등을 위한 법률지원
합의 또는 법원의 판결에 의하여 확정된 양육비 채권 추심지원
양육비 채무 불이행자에 대한 제재조치
한시적 양육비 긴급지원 (문의전화 ☎ 1644-6621 / 홈페이지 : www.childsupport.or.kr)
한부모가족 자녀양육비 이행확보 무료법률지원사업 (여성가족부)
지원내용 : 자녀를 양육하는 모(또는 부)가 이혼 이후 자녀를 양육하지 않는 전 배우자로부터 양육비를 지급 받을 수 있도록 자녀양육비 청구 및 이행확보(강제집행, 압류, 전 배우자의 봉급에서 징수 등)을 위하여 자녀 양육비 이행확보 무료법률지원사업 실시
문의
대한법률구조공단( www.Klac.or.kr , ☎ 국번없이 132)
한국가정법률상담소( www.lawhome.or.kr , ☎ 국번없이 1644-7077)
대한변호사협회( www.legalaid.or.kr , ☎ 02-3476-6515)",
,,,,경력단절여성취업지원,경력단절여성취업지원에 대해 알려줘,"여성새로일하기센터에 대해 알려줘
경력단절여성 취업지원 센터가 있어?","여성새로일하기센터 운영
사업개요
목 적 : 경력단절여성 취업지원 전담 ONE-STOP 여성종합취업지원센터 운영
사업기간 : 연중 (2009. 2. 여성가족부 최초지정)
추진근거 : 경력단절여성등의 경제활동촉진법
사업추진
사업운영 : 1개 센터(보령여성새로일하기센터)
주요사업 : 여성인턴제,사후 관리지원, 취업설계사 운영, 직업교육훈련과정 운영 등
보령여성새로일하기센터
041-935-9663",https://www.brcn.go.kr/welfare/sub03_04.do
,,,,아이돌봄서비스_아이돌봄지원사업(일반),아이돌봄지원 사업에 대해 알려줘,"아이돌봄지원 이용방법 알려줘
아이돌봄지원 어떤걸 지원하나요?
아이돌봄지원 어떤종류가 있나요?","사업기관
보령시 건강가정지원센터(돌보미 연계 및 서비스 제공)

이용문의
위치 : 보령시 중앙로 15 인승빌딩 202호
전화 : 041-935-0131
팩스 : 041-933-0132
홈페이지 : https://idolbom.mogef.go.kr
신청방법
아이돌봄지원사업 홈페이지(https://idolbom.mogef.go.kr)에 회원가입
정부지원-양육공백 입증자료 및 소득증명 자료 준비하여 읍·면·동 주민센터로 신청
보령시 건강가정지원센터 아이돌봄지원사업팀으로 이용예약",https://www.brcn.go.kr/welfare/sub03_05.do
,,,,아이돌봄서비스_사업내용,아이돌봄지원 돌봄 종류를 알려주세요,"아이돌봄지원 시간제돌봄은 뭐에요?
아이돌봄지원 종합형돌봄은 뭐에요?
아이돌봄지원 종일제돌봄은 뭐에요?
아이돌봄지원 보육교사형 돌봄은 뭐에요?","사업내용
시간제 돌봄
부모가 올 때까지 임시 보육, 놀이활동
간단한 급·간식 서비스
보육시설 및 학교 등·하원 서비스
안전·신변보호 처리 등
가사활동 제외
종합형 돌봄
시간제서비스 외 돌봄아동과 관련된 가사 서비스 제공
종일제 돌봄
이유식,젖병소독,기저귀갈기, 목욕 등 영아 돌봄과 관련된 활동전반
(건강, 영양, 위생, 교육 등)
양육수당과 중복 지원 불가
가사활동 제외
보육교사형 돌봄
보육교사 자격증을 소지한 아이돌보미의 월간활동 계획에 따른 영아 표준 돌봄 프로그램 서비스 제공",https://www.brcn.go.kr/welfare/sub03_06.do
,,,,아이돌봄서비스_이용요금,아이돌봄서비스 이용요금 알려줘,"아이돌봄서비스 얼마에요?
아이돌봄 서비스 시간제는 얼마에요?
아이돌봄서비스 종일제는 얼마에요?","유형 소득 기준(‘15년)
(전국가구 평균소득,
4人 기준) 시간제(6천원/시간) 종일제(월120만원/200시간)
정부지원 본인부담 0세 1세
정부지원 본인부담 정부지원 본인부담
가 50% 이하
(월 248만원) 4,500원 1,500원 84만원 36만원 78만원 42만원
나 50~70% 이하
(월 348만원) 2,700원 3,300원 72만원 48만원 66만원 54만원
다 70~100% 이하
(월 497만원) 1,5000원 4,500원 60만원 60만원 54만원 66만원
라 100% 초과 - 6,000원 48만원 72만원 42만원 78만원

https://www.brcn.go.kr/welfare/sub03_05.do<표 참조>",https://www.brcn.go.kr/welfare/sub03_05.do
,,,,건강가정사업_일반,건강가정사업 이용문의 ,"건강가정사업이 뭐에요?
건강가정사업 문의하고 싶어요","가족문제의 예방과 해결을 위한 가족돌봄나눔사업, 생애주기별 가족교육사업, 가족상담사업, 가족친화문화조성사업, 정보제공 및 지역사회네트워크 사업추진 하고 있으며 일반가족은 물론 한부모가족,
조손가족, 다문화가족, 일탈청소년가족, 군인가족, 수용자가족, 맞벌이가족, 이혼 전후 가족 등의
다양한 가족지원을 위한 상담, 교육 및 문화프로그램이 결합된 맞춤형 통합서비스를 제공

이용문의
전화 : 041-934-3133 보령시건강가정지원센터
상담전용전화 : 041-934-0033
행복누리공동육아나눔터 : 070-7730-1589
팩스 : 041-933-0132
센터 홈페이지 : boryeong.familynet.or.kr
센터 다음카페 : http://cafe.daum.net/brhf
행복누리공동육아나눔터 카페 : http://cafe.daum.net/boryeongfamily",https://www.brcn.go.kr/welfare/sub03_06.do
,,,,건강가정사업_건강가정 사업영역,건강가정사업엔 뭐가 있나요?,건강가정사업의 영역을 알려줘,"건강가정사업 영역엔 6가지가 있습니다.
가족돌봄나눔 -모두가족봉사단,모두가족품앗이,아버지- 자녀가 함께하는 토요프로그램,아이돌보미사업,공동육아나눔터

가족교육- 생애주기별(조)부모교육 _예비/신혼기 부부, 결혼준비교육학년 전/학년기, 청소년기 자녀를 둔 부모교육, 중년 개, 노년기 교육

남성대상 교육 _ 아버지교육, 남성대상 놀봄참여

가족상담- 가족(집단)상담,이혼 전/후 가족상담,부모자녀 상담,부부상담,재혼가족상담,고부갈등상담,가족관계에 의한 갈등상담 등

지역사회연계-지역사회 협의체 연계,센터사업 유관기관 연계

다양한 가족 통합지원-조손가족,맞벌이가족,군인가족

가족문화-가족사랑의 날 프로그램,가족여가 프로그램,지역참여 및 나눔행사,건강가정 관련 캠페인 등 이 있습니다",https://www.brcn.go.kr/welfare/sub03_06.do
,,,,여성친화도시조성,여성친화도시가 무엇인가요?,"여성친화도시 설명해줘
여성친화도시에 대해 알려줘","지역발전에 남녀가 동등하게 참여하고, 여성ㆍ가족친화적인 도시공간을 재조명하고 일상적인 삶의
불편을 없애고 안전과 편리, 참여와 소통, 배려가 보장되는 시민 모두가 행복하고 살기좋은
여성친화도시 조성 사업
여성친화도시 4대 가치
형평성 : 지역사회 참여 기회 및 일상생활의 안전과 편의 형평성
돌봄 : 아동, 노인, 장애인 돌봄을 시민들과 공유하며 여성의 일과 가정생활 양립
친환경 : 생태적이며 지속 가능한 방향으로 삶을 촉진하는 지역발전
소통 : 시민들과 대화하고 의견을 청취하여 민주적이며 개방적인 열린도시
시민 모두가 행복하고 살기좋은 여성친화도시 조성
사업기간 : 2014년 ~ 2018년
추진체계
1단계 : 여성친화도시 조성 인프라 기반 구축, 여성가족부와 여성친화도시 지정(2013.12.2)
2단계 : 여성친화도시 조성을 위한 과제 추진(63개)
3단계 : 여성친화도시 조성사업 평가, 기존 사업 개선 및 신규사업 발굴
추진영역 : 6개영역(안전, 돌봄, 건강, 문화, 성평등, 일자리)
여성 가족의 삶에 영향을 주는 사업에 성인지 관점 반영 추진으로 시민의 삶의 질 향상",https://www.brcn.go.kr/welfare/sub03_07_01.do
,,,,여성친화도시조성_조성사업,여성친화도시조성사업 어떤 일을 했나요?,여성친화도시조성사업 성과 알려줘,https://www.brcn.go.kr/welfare/sub03_07_04.do,https://www.brcn.go.kr/welfare/sub03_07_04.do
,,,보육,성별영향분석평가_성별영향분석평가란,성별영향분석평가가 뭐에요?,"성별영향분석평가의 목적은 뭐에요?
성별영향분석평가에 대해 알려주세요
","법령ㆍ계획ㆍ사업 등 정부의 주요 정책을 수립 시행하는 과정에서 여성과 남성의 특성과
사회ㆍ경제적 격차 등의 요인들을 체계적으로 분석평가함으로써 정부 정책이 성평등의 실현에
기여하도록 하는 제도
성별영향분석평가의 목적
정부 정책이 성별에 미치는 영향을 체계적ㆍ종합적으로 분석평가하여 실질적인 성평등 실현
정책의 성차별적 원인을 분석평가하여 합리적으로 개선함으로써 효율적인 정책추진 체계 확립
정책 수요자의 성별 특성에 기반한 정책실행으로 시민 만족도 제고
법적 근거
성별영향분석평가법(이하""법""이라고 함) 및 성별영향분석평가법 시행령(이하""영""이라 함)
양성평등기본법 제15조[시행 2015. 7. 1]",https://www.brcn.go.kr/welfare/sub03_08.do
,,,,성별영향분석평가_사업내용,성별영향분석평가 사업내용이 뭔가요?,성별영향분석평가 사업내용을 알고싶어요,"성별영향분석평가 확대 추진
사업기간 : 연중
대상과제 : 법령, 사업, 계획 분야
내용 : 성인지 관점을 적극 반영, 정책 개선
공무원 성별영향분석평가 교육
교육횟수 : 연2회 (200명)
내용 : 성별영향분석평가 제도의 이해 및 실무사례 등",https://www.brcn.go.kr/welfare/sub03_09.do
,,,,보육사업_영유아 보육료 및 양육수당 지원,영유아 보육료 및 양육수당 지원에 대해 알려주세요,"영유아 보육료에 대해 알려줘
영유아 양육수당에 대해 알려줘
영유아 양육수당 지원금은 얼마야?","2013년 3월부터 보육료 전면 무상 보육을 실시하고 있으며, 보육기관을 이용하는 영유아에게는 아이행복카드를 통해 보육료를 지급하고, 어린이집·유치원·종일제 돌봄 서비스를 이용하지 않는 만0-5세 가정양육아동에게는 양육수당을 지원하여 부모의 양육부담을
경감하고 보육료 지원아동과의 형평성을 제고하고 있다

보육료 및 양육수당 지원 단가
https://www.brcn.go.kr/welfare/sub04_01.do(표참고_)
구 분 출생연도 어 린 이 집 유치원 양육수당 (미이용시)
계 보육료 기본보육료
만0세 2014.1.1. 이후 778,000 406,000 372,000 - 200,000
만1세 2013년도 537,000 357,000 180,000 - 150,000
만2세 2012년도 413,000 295,000 118,000 - 100,000
만3세 2011년도 220,000 220,000 - 220,000 100,000
만4세 2010년도 100,000
만5세 2009년도 100,000
※ 어린이집: 보육료-아이행복카드 결제, 기본보육료-어린이집 지원/ 유치원 : 아이행복카드",https://www.brcn.go.kr/welfare/sub04_01.do
,,,,보육사업_어린이집 지원 현황,어린이집 지원 현황에 대해서 알려주세요,"어린이집 지원 내용은 뭐가 있어?
어린이집 지원 사업명은 뭐가 있어?","매년 어린이집의 보육활동의 질적수준 제고를 위하여 보육교사 인건비, 교재교구비 지원 등 운영 경비를 지원하고 있으며, 이를 통해 보다 질 높은 보육서비스를 영유아에게 제공하고자 노력하고 있습니다.

어린이집 지원 현황
https://www.brcn.go.kr/welfare/sub04_01.do(표참고_)
사 업 명 사 업 대 상 사 업 내 용
평가인증민간어린이집 차액보육료 법정(기초수급)아동 중
민간이용자/150명 국공립과 민간시설이용차액 월2~4만원지원
평가인증시설 보육도우미 평가인증어린이집 월 68만원
평가인증어린이집 난방비지원 평가인증어린이집 년 20만원
대체교사 인건비 대체근무 교사 일 4.5만원
행복어린이집 운전원인건비 행복어린이집 운전원 월 150만원
장애아전담시설 차량운영비 행복어린이집 운행차량 월 650천원
교재교구비 평가인증어린이집 교재교구 구입 현원별 차등지원50-120만원
농촌보육시설차량 운영비 농촌소재어린이집 월 200,000원
어린이집우수농산물 급식비 어린이집이용 영유아 1인 1일 150원
보육돌봄서비스 인건비지원 어린이집근무
보육종사자 110명 배치반별(영아,유아) 인건비 30%,80%,100%
급간식비지원 어린이집이용 영유아 1인당/ 1일/ 300원
공공형어린이집지원 공공형어린이집 운영비지원(253만원-875만원)
농어촌법인 어린이집지원 농어촌법인어린이집 개소당/월평균 23만원
시간연장형어린이집 운영비지원 운영비지원 개소당/연30만원",https://www.brcn.go.kr/welfare/sub04_02.do
,,,,보육사업_보육교사 지원,보육교사 지원은 어떤게 있나요?,"보육교사 지원 내용에 대해 알려줘
보육교사 지원 사업대상은 누구야?
보육교사 지원금은 얼마야?","열악한 환경에서 근무하고 있는 보육교사의 사기진작을 위하여 매월 각종 수당을 지원함으로써 보육교사의 복지 증진과 더불어
보육서비스 향상에도 기여하고 있습니다.

보육교사 지원 현황
https://www.brcn.go.kr/welfare/sub04_01.do(표참고)_

사 업 명 사 업 대 상 사 업 내 용
처우개선비(市) 민간․가정 보육교사 월 100,000
장애아통합보육운영수당 장애아 보육하는 보육교사 월 50,000
평가인증어린이집 영아반수당 평가인증어린이집 영아반 보육교사 월 30,000
처우개선비(道) 어린이집 보육교직원 전체 원장 150,000 / 교사 100,000
교사근무환경개선비 어린이집 보육교사 전체 월 170,000
만3-5세 담 임 수 당 만3~5세 누리과정 담임교사 월 300,000",https://www.brcn.go.kr/welfare/sub04_03.do
,,,,보육시설_보령시 어린이집 현황,보령시 어린이집 현황 알려줘,"보령시 국공립 어린이집 현황 알려줘
보령시 민간 어린이집 현황 알려줘
보령시 가정 어린이집 현황 알려줘","보령시 어린이집 현황
보령시는 영유아의 심신을 보호하고 건전하게 교육하여 건강한 사회의 구성원으로 육성함과 아울러 보호자의 경제적 사회적 활동이
원활하게 이루어지도록 함으로써 영유아 및 가정의 복지 증진에 이바지함을 목적으로 보육복지에 힘쓰고 있으며 어린이집 현황은
다음과 같습니다. 어린이집에 관한 자세한 사항은 아이사랑보육포털(http://www.childcare.go.kr)에서 찾아 볼 수 있습니다.

https://www.brcn.go.kr/welfare/sub07_03.do
<표참고>",https://www.brcn.go.kr/welfare/sub07_03.do
,,,아동/청소년,요보호아동지원_입양아동 지원1,입양아동 지원에 대해서 알려줘,"입양아동 지원 대상은 뭔가요?
입양아동 지원내용은 뭔가요?","목적
국내입양 활성화를 위해 입양아동에 대한 지원으로 혈연중심의 가족 문화에 따른 비밀입양 위주의 입양인식 개선

지원대상
입양촉진 및 절차를 갖춰 요보호 아동을 입양한 국내 입양가정
근거
입양촉진 및 절차에 관한 특례법 및 동법 시행령 ㆍ 시행규칙
지원내용
<표참고>
https://www.brcn.go.kr/welfare/sub05_01.do",https://www.brcn.go.kr/welfare/sub05_01.do
,,,,요보호아동지원_입양아동 지원2,입양기관현황 알려줘,입양기관에 대해 알려줘,"입양기관 현황
https://www.brcn.go.kr/welfare/sub05_01.do <표참고>",https://www.brcn.go.kr/welfare/sub05_00.do
,,,,요보호아동지원_가정위탁아동 지원,가정위탁아동 지원에 대해서 알려주세요,"가정위탁아동 지원 대상아동은?
가정위탁아동 유형은?
가정위탁아동 지원내용은?
","목적
보호를 필요로 하는 아동을 적합한 가정에 일정기간 위탁하여 아동의 정서적 안정을 도모하고 안정적인 양육환경 제공

대상아동
만18세 미만의 아동 (만18세 이상인 경우에도 고등학교 재학중인 아동은 포함) 으로서 부모의 사망, 가출, 실직, 수감 등의 사유로 보호가 필요한 아동
소년소녀가정의 가정위탁보호 전환 추진
※ 소년소녀가정보호 제도는 아동에게 위험을 초래할 수 있어 UN등에서도 폐지를 권고하고 있음

가정위탁유형
대리양육가정위탁 : 친조부모, 외조부모에 의한 양육
친인척 가정위탁 : 친조부모, 외조부모를 제외한 친인척에 의한 양육
일반 가정위탁 : 일반인에 의한 가정위탁
지원내용
양육보조금 지원 : 아동 1인당 월 120천원 이상
국민기초생활보장법에 의한 생계비 등 지원
가정위탁아동 상해보험료 지원
위탁아동 후유장해, 입원ㆍ통원 의료비 등 지원
보험료 : 1인당 년7만원 이내
가정위탁보호비 추가지원 : 43천원 / 가정 ㆍ 월
대리양육 ㆍ 친인척 위탁 가정 전세자금 지원 (국토해양부)",https://www.brcn.go.kr/welfare/sub05_01.do
,,,,아동복지시설_아동양육시설 지원,아동양육시설 지원에 대해서 알려주세요,"아동양육시설 입소 대상아동을 알려줘
아동 양육시설 현황을 알려줘
","목적
보호를 필요로 하는 아동을 양육시설에 입소시켜 안전하게 보호하고 건전하게 양육하여 사회인으로 자립하도록 지원

입소대상 아동
관련근거 : 아동복지법 제15조 제1항
보호자가 없거나 보호자로부터 이탈된 아동
보호자로부터 학대받은 아동
보호자의 학대로 아동보호전문기관에 신고되어 동 기관이 시장에게 보호조치를 의뢰한 아동 (특히, 아동에게 장애가 있거나 문제 행동이 심각한 경우 아동보호 전문기관에서 아동의 시설 입소를 의뢰하면 반드시 입소될 수 있도록 해야 함)
기초생활보장수급자로서 보호자의 질병, 가출 등으로 가정내에서 보호하기 어려운 아동
시장 또는 구청장이 특별히 보호가 필요하다고 인정하는 아동
아동양육시설 현황
연번 시설명 주소 시설명 정원 현원 비고
계 106 86
1 대천애육원 보령시 마루뜰길 36 김송자 57 48
2 보령육아원 보령시 보령남로 207 이정은 49 38 ",https://www.brcn.go.kr/welfare/sub07_04.do
,,,,아동복지시설_지역아동센터 지원,지역아동센터지원에 대해 알려주세요,"지역아동센터 입소대상 아동은 누구인가요?
지역아동센터 지원내역 알려주세요
지역아동센터 현황 알려주세요","목적
방과후 돌봄이 필요한 지역사회 아동의 건전육성을 위하여 보호 · 교육, 건전한 놀이와 오락의 제공, 보호자와 지역사회의 연계 등 종합적인 복지서비스 제공

입소대상 아동
관련근거 : 아동복지법 제52조 제1항
국민기초생활보장 수급권자가정아동
차상위계층가정아동, 보호대상 한부모가정아동, 다문화가정아동, 장애가정아동
전국 평균소득가구 70%이하 가구중 보호와 지원이 필요하다고 판단하는 아동으로 시장의 승인아동
지원내역
문화서비스 제공 : 문화체험 및 다양한 문화경험의 장 제공
지역사회 아동보호 실현 : 지역사회 안에서 아동 권리보장과 안전한 보호, 급식 등 지원
교육적 지원 : 아동의 학습능력 제고, 학교 부적응 해소, 일상생활 지도, 학교생활유지 및 적응력 강화",https://www.dreamstart.go.kr/bory/contents/sub01_01_02.asp
,,,,청소년복지시설,청소년 복지시설은 어떤게 있나요?,"청소년 복지시설 알려줘
보령시 청소년 수련관에 대해 알려줘
보령시 청소년문화의집 알려줘
보령시 청소년 상담복지센터에 대해 알려줘 ","보령시 청소년수련관
보령시 청소년수련관은 1998년 개관하여 시 직영으로 운영하다 2010년부터 보령시 시설관리공단에서 운영 관리중이며 청소년들의
권리 증진과 지도력 개발을 위한 프로그램을 개발 · 보급하며 도전정신을 기를 수 있는 모험 개척활동, 환경보전활동, 과학적
탐구능력을 증대시키는 프로그램을 운영하고 있다.

위치 : 보령시 성주산로 500
수탁기관 : 보령시 시설관리공단
직원 : 4명
규모: 지하 1층, 지상 3층
보령시 청소년문화의집
생활권내의 청소년들의 다양한 문화 활동을 실시할 수 있는 시설 설비를 갖추고 문화 · 예술 · 정보 중심의 수련활동을 실시하는 청소년 수련시설로서 보령시 청소년이라면 누구나 이용할 수 있는 다양한 프로그램 운영함으로써 지역 내 청소년들의 문화 활동에 기여

위치 : 보령시 문화원길 9 (동대동)
수탁기관 : (사)보령시청소년교화연합회
시설규모 : 1,339㎡
주요시설 : 파워인터넷, 파워무비, 자료실, 파워댄스 등
보령시 청소년상담복지센터
보령시 청소년상담복지센터는 「 청소년기본법 」 에 따라 설치된 전문적인 청소년상담기관으로 청소년, 학부모, 교사 등을 대상으로
개인 및 집단 상담, 심리 전화상담, 심리검사, 사이버 상담 등 종합적인 상담서비스를 제공하고 있으며, 청소년 전화 “1388”을 24시간 운영하며 위기 청소년 긴급구조 및 일시보호 서비스를 제공함으로써 위기 청소년들을 지원하고 있다.

위치 : 보령시 문화원길 9 (동대동)
수탁기관 : (사)보령시청소년교화연합회
직원 : 6명
주요시설 : 1,178명",https://www.brcn.go.kr/welfare/sub07_05.do
,,,,청소년보호육성_유해환경 지도단속,청소년 유해환경 지도단속에 대해 알려주세요,"청소년 유해환경 지도단속 기간은 언제인가요?
청소년 유해환경 지도단속 지역은?
청소년 유해환경 지도단속 대상은?","유해환경 지도단속
단속기간 : 연중
청소년보호 유관기관 (경찰서, 교육청, 유해환경감시단, 여성청소년과 등) 합동지도단속 : 월 4회 이상 실시
단속지역 : 보령시 전역
단속대상 : 청소년보호법에 의한 유해매체물, 유해약물, 유해물건, 유해업소, 청소년 고용금지업소",https://www.brcn.go.kr/welfare/sub05_00.do
,,,,청소년보호육성_청소년출입 / 고용금지업소,청소년 출입금지 업소 알려줘,"청소년 출입금지 업소는?
청소년 출입금지 위반행위는?","청소년출입 / 고용금지업소
종류
유흥주점, 단란주점, 비디오물감상실업, 노래연습장업 (청소년 출입시설 갖춘 업소 제외) 무도학원업, 무도 장업, 사행행위영업,
전화방, 화상대화방, 여성가족부 고시

대상 행위자 위반행위
청소년 출입금지 위반 업주
종사자 제29조 제2항의 규정에 위반하여 청소년을 유해업소에 출입시킨 자
※ 제29조 제2항 : 청소년출입 · 고용금지업소의 업주와 종사자는 출입자의 나이를 확인하여 청소년이 그업소에 출입하지 못하게 하여야 한다.
청소년이 친권자등을 동반할때는 출입을하게 할 수 있다.
다만 유흥주점, 단란주점 영업의 경우에는 그러하지 아니하다
(법 제 29조 제4항, 영 제27조)
청소년 고용금지 위반 업주 제29조 제1항의 규정에 위반하여 청소년을 유해업소에 고용한 자
※ 청소년 유해업소 업주는 종업원을 고용하고자 하는 때에는 그연령을
확인하여야하며, 청소년을 고용하여서는 아니된다.
청소년 출입 · 고용 금지표시
불이행 업주 ·
종사자 제29조 제5항의 규정에 위반하여 청소년유해업소의 청소년 출입 · 고용제한표시를 하지 아니한 자
※ 제29조 제5항 : 청소년유해업소의 업주와 종사자는 그 업소에 대통령령으로
정하는 바에 따라 청소년의 출입과 고용을 제한하는 내용을 표시 하여야 한다.
청소년 출입 · 고용금지업소의 출입구중 가장 잘보이는 곳에 「 19세미만 출입 · 고용금지업소 」 표지 부착 (영 제28조)",https://www.brcn.go.kr/welfare/sub05_01.do
,,,,청소년보호육성_청소년 고용금지업소,청소년 고용금지업소에 대해서 알려줘,"청소년 고용금지업소 종류는?
청소년 고용금지업소 규제내용은?
","청소년 고용금지업소
종류
숙박업, 이용업 (다른법령에서 취업이 금지되지 아니하는 남자청소년 제외), 목욕장업 중 안마실 설치영업하거나 개실로 구획하여
하는 영업, 유독물제조 · 판매 · 취급업, 티켓다방, 주류판매목적의 소주방 · 호프 · 카페등 형태의 영업, 비디오물 판매 · 대여업,
종합게임장, 만화대여업, 청소년보호위원회 고시업소

규제내용
대상 헹위자 위반행위 위반사형자처벌 과장금 (타법령에 의한 처분의 대상이 아닌 경우)
청소년 고용금지
위반 업주 제29조제1항의 규정에 위반하여 청소년을
유해업소에 고용한 자
※ 청소년 유해업소 업주는 종업원을 고용하고자 하는 때에는 그연령을 확인하여야하며, 청소년을 고용하여서는 아니된다. 3년이하징역 또는 2천만원이하 벌금 (법 제58조 제4호) 1명1회 고용마다 1,000만원",https://www.brcn.go.kr/welfare/sub05_02.do
,,,,청소년보호육성_청소년공부방,청소년 공부방에 대해서 알려줘,"청소년 공부방 이용 대상자는?
청소년 공부방 운영시간 알려줘
청소년 공부방 이용가능인원?
청소년 공부방 이용료는?","청소년공부방
사업내용 : 지역 내 청소년을 위해 학습공간 조성
대상자 : 지역 내 청소년
운영기간 및 운영 일시 : 연중 (매주 월요일, 법정 공휴일[일요일 제외] 휴무), 평일 17시 ~ 23시, 일요일 15시 ~ 23시,
방학기간 15시 ~ 23시
이용가능인원 : 40명 (좌석 수)
이용료 : 무료
이용방법 : 이용 시간 내 자유롭게 이용",https://www.brcn.go.kr/welfare/sub05_03.do
,,,,청소년보호육성_보령시 청소년 방과후아카데미,보령시 청소년 방과후 아카데미가 뭐에요?,"보령시 청소년 방과후아카데미란?
보령시 청소년 방과후아카데미 신청대상자는?
보령시 청소년 방과후아카데미참가비용은?
보령시 청소년 방과후아카데미 사업내용 알려줘","보령시 청소년 방과후아카데미
청소년 방과후 아카데미란?
여성가족부와 보령시의 지원으로 소년들의 건강한 방과후활동과 삶의 질 향상을 위해 가정이나 학교에서 체험하지 못했던 다양한
청소년활동 프로그램 및 청소년생활관리 등 청소년을 위한 종합서비스

신청대상자 : 방과 후 나홀로 청소년, 학교나 가정에서 체험하지 못한 다양한 경험과 활동을 체험 하고 싶은 청소년
모집정원 : 보령시내지역 4, 5, 6학년 청소년 40명
참가비용 : 전액무료 (단, 교재비는 개인부담)
신청방법 : 보령시청소년수련관내 3층 청소년 방과후 아카데미 (또는 사회복지과 아동청소년팀) 방문신청 (041-930-3257)
사업내용
학습지원활동, 자기개발활동, 전문체험활동, 특별지원, 생활지원과정으로 구성

토요체험활동 (주 1회 주말체험활동, 주 2회 자율체험활동 운영)

체험활동의 날 : 공연관람, 요리하기, 축제참가, 공예활동 등 다양한 문화활동을 실시
관계형성의 날 : 또래관계 형성 및 협동심과 리더십을 향상 시킬 수 있는 팀워크 활동
봉사의 날 : 장애우, 양로원, 청소활동 등을 통해 타인을 이해할 수 있는 마음을 넓히고 나도 누군가에게 필요한 존재임을 느낄 수 있음
지역연계활동: 지역사회와의 연계를 통한 다양한 활동을 실시",https://www.brcn.go.kr/welfare/sub05_04.do
,,,,청소년보호육성_청소년어울림마당,청소년 어울림마당에 대해 알려줘,"청소년 어울림마당이란?
청소년 어울림마당 사업개요?
청소년 어울림마당 운영기간은?
청소년 어울림마당 운영장소는?
청소년 어울림마당 운영내용은?","청소년어울림마당
청소년 어울림마당이란?
청소년들의 문화적 감성함양과 역량개발을 지원하는 시설, 조직, 프로그램 등으로 구성된 인프라로서 상시적으로 활동할 수 있는
지역적 공간

청소년 : 청소년어울림마당의 주인공이며 사업의 주체
문화 : 다양한 청소년문화와 프로그램의 자원으로서의 콘텐츠 (체험, 공연, 전시 등)
사업개요
운영기간 : 4월 ~ 11월 (월 1회 토요일 운영)
운영장소 : 대천천 및 대천해수욕장
운영주최 : 여성가족부, 보령시
운영주관 : 보령시청소년상담복지센터
운영방향
청소년 및 시민들이 함께 참여하는 체험활동 위주
청소년들의 끼와 재능을 알릴 수 있는 문화마당의 장으로 운영
참가신청: 보령시청소년상담복지센터 / 041-936-5710
운영내용
구분 내용
공연마당 청소년들이 참가하는 합창, 중창, 기악연주, 보컬, 힙합댄스, 응원댄스, 마술, 수화, 풍물놀이, 난타
등의 공연 프로그램
체험마당 청소년들이 체험할 수 있는 과학, 미술, 애니메이션, 페이스페인팅 코스프레 등의 전시 및 체험
프로그램 등
놀이마당 청소년과 시민들이 함께 할 수 있는 레크리에이션 프로그램",https://www.brcn.go.kr/welfare/sub05_05.do
,,,,장애생활안정지원_장애인연금,장애인 연금에 대해서 알려주세요,"장애인 연금 수령 대상은?
장애인 연금 수령 등급은?","대상 : 만18세이상의 등록한 중증장인 중 본인과 배우자의 소득인정액이 선정기준 이하인 자
소득기준 : 1인 (단독) 93만원 이하, 2인 (부부) 148만8천원
장애등급 위탁심사 (국민연금광리공단에서 심사)
장애등급 : 장애등급 1급, 2급 또는 3급 중복장애",https://www.brcn.go.kr/welfare/sub06_01.do
,,,,장애생활안정지원_장애인연금지급내역,장애인 연금 지급 내역에 대해서 알려줘,"장애인 연금 지급 내역은?
","장애인연금 지급내역
예산액
(천원) 부가급여 연령 기초급여 부가급여
단독 부부인경우
1인수급 2인모두수급
2,607,523 기초 (재가) 18 ~ 64세 200,000 160,000 8만원
65세이상 - - 28만원
기초
(보장시설) 18 ~ 64세 200,000 160,000 0
65세이상 - - 7만원
차상위계층 18 ~ 64세 200,000 160,000 7만원
65세이상 - - 7만원 ~ 14만원
차상위초과 18 ~ 64세 200,000 160,000 2만원
65세이상 - - 4만원",https://www.brcn.go.kr/welfare/sub06_02.do
,,,,장애생활안정지원2,장애생활안정지원에 대해 알려줘 ,"장애수당 대상 알려줘
월세거주 장애인주거비 대상 알려줘
부부장애수당 대상 알려줘
중증장애인 가구월동비 대상 알려줘
","장애수당
대상 : 만18세이상의 등록한 장애인 중 3급 ~ 6급의 장애등급을 가진자로 기초생활수급자 및 차상위계층
월세거주 장애인주거비
대상 : 세대주가 등록장애인인 월세거주 장애인가구
부부장애수당
대상 : 부부가 장애인으로 등록된 세대
중증장애인 가구월동비
대상 : 국민기초생활보장법에 의한 수급자 및 차상위계층의 중증장애인 가구
신청방법 : 본인 또는 신청의 대리 (신청인의 가족이나 친족 및 그 밖의 관계인)",https://www.brcn.go.kr/welfare/sub06_03.do
,,,,장애생활안정지원_장애인 수당 지급내역,장애인 수당 지급내역을 알려줘,장애인 수당 예산액 내역 알려줘,"장애인 수당 지급내역
예산액
(천원) 수당구분 내역
151,000 지자체 급여 장애인연금대상자 월 12,000원
584,000 장애수당 기초 수급자 중 경증 월 40,000원
차상위 차상위계층 중 중증 월 40,000원
시설 중증 70,000원, 경증 20,000원
장애아동수당 기초 만18세미만 중증 200,000원, 경증 100,000원
차상위 만18세미만 중증 150,000원, 경증 100,000원
시설 만18세미만 중증 70,000원, 경증 20,000원
237,347 월세거주수당 가구 / 월 35,000원
168,000 부부장애수당 가구 / 월 35,000원
92,000 중증장애인 월동비 연2회 가구 / 65,500원 (11월, 1월)",https://www.brcn.go.kr/welfare/sub06_04.do
,,,,장애생활안정지원_3,장애생활안정지원 센터에 대해 알려줘,"수화통역센터에 대해 알려줘
시각장애인 심부름센터에 대해 알려줘
장애인편의시설 지원센터에 대해 알려줘
중증장애인 자립생활지원센터에 대해 알려줘","수화통역센터
센터 소재지의 인근 지역 등록 청각 · 언어장애인
의사소통에 지장이 있는 청각 · 언어장애인에 대한 수화통역 및 상담서비스 제공
시각장애인 심부름센터
이동에 상당한 제약이 있는 장애인에게 차량운행을 통한 직장 출 · 퇴근 및 외출 보조 기타 이동서비스를 제공
이동에 제약이 있는 장애인에게 차량운행을 통하여 민원업무보조, 시장보기 및 병원 이용보조 등 서비스 제공
장애인편의시설 지원센터
장애인 등을 위해 편의시설에 대한 사회적 이해 촉진과 그 설치에 필요한 기술지원과 상담 및 홍보 · 교육 등 편의증진 도모
장애인편의시설 설치 실태조사 및 편의시설 설치에 필요한 기술개발 및 도입
중증장애인자립생활지원센터
중증장애인을 대상으로 포괄적인 자립생활 정보제공, 권익옹호 활동, 동료상담, 자립생활기술 훈련, 활동보조서비스 제공
지역시민단체와 연대활동을 통해 장애인에 대한 이해촉진 및 장애 · 비장애 소통 활성화 도모",https://www.brcn.go.kr/welfare/sub06_05.do
,,,,장애생활안정지원_장애인복지시설현황,장애인 복지시설 현황에 대해 알려줘,장애인 복지시설 문의 번호 알고싶어요,"장애인복지시설 현황
시설명 시설유형 시설장 설립일 생활
(이용)자 종사자 지원주체 주요사업 비고
수화통역센터 이용시설 김청심 2006.10.1 75 3 보령시 농아인편의지원 041-936-8005
심부름센터 이용시설 최병분 1997.6.1 170 6 보령시 시각장애인
편의지원 041-936-0707
편의시설
지원센터 이용시설 김혁연 2007.1.1 20 2 보령시 건축물 등
장애인편의시설 041-934-7842
중증장애인
자립지원센터 이용시설 조규승 2013. 1. 1 150 4 보령시 중증장애인자립
생활지원 등 041-936-4788",https://www.brcn.go.kr/welfare/sub06_06.do
,,,복지기관,장애인복지시설,장애인 복지시설에 대해 알려주세요,"장애인 복지시설이 뭐에요?
장애인시설 현황 알려주세요
","장애인복지시설 정의
사회복지사업법에 따른 ‘사회복지사업’을 행할 목적으로 설치된 시설
장애인복지시설은 생활시설과 이용시설로 구분
장애인시설 분류
생활시설 : 장애유형별 거주시설, 중증장애인 거주시설, 장애영유아 거주시설, 장애인단기 거주시설, 장애인공동생활가정
이용시설 : 지역사회재활시설, 장애인의료재활시설, 직업재활시설, 장애인생산품 판매시설
우리시 장애인시설 현황
장애인생활시설 : 충남정심원, 정심요양원, 이야기마을
지역사회재활시설 : 충남서부장애인종합복지관, 정심체육관, 보령시장애인심부름센터, 보령시수화통역센터,
보령중증장애인자립생활지원센터, 충남장애인 사랑의원, 충남서부장애인종합복지관 주간보호시설, 충남서부장애인종합복지관
공동생활가정
장애인의료재활시설 : 충남장애인 사랑의원
장애인직업재활시설 : 정심작업장, 보령시장애인보호작업장
참고사항
충남정심원 (www.jeongsim.or.kr)
종류 : 지적장애인시설
종사자수: 106명
입소정원 : 270명
정심요양원 (www.jeongsim.or.kr)
종류 : 중증장애인요양시설
종사자수 : 26명
입소정원 : 42명
이야기마을 (www.pis0691.org)
종류 : 지적장애인시설
종사자수 : 15명
입소정원 : 30명",https://www.brcn.go.kr/welfare/sub07_06.do
,,,,장애인일자리_사업목적,장애인일자리 사업목적은뭐에요?,장애인일자리 사업에 대해 설명해주세요,"사업목적
취업 취약계층인 장애인에게 일자리 제공을 통한 사회참여 확대 및 소득보장 지원
장애 유형별 맞춤형 신규 일자리 발굴 및 보급을 통한 장애인일자리 확대
근로연계를 통한 장애인복지 실현 및 자립생활 활성화",
,,,,장애인일자리_일반형일자리,장애인 일자리 일반형 일자리에 대해 알려줘,"장애인 일반형 일자리 사업대상에 대해 알려줘
일반형 일자리 사업대상은?
일반형 일자리 사업유형은?
","일반형 일자리
사업대상 : 만 18세 이상 장애인복지법상 등록장애인
근로조건 및 보수
주 5일 (40시간)
1일 8시간
월 1,167,000원
참여인원 : 16명 (2015년 현재)
사업유형 및 주요 직무
복지 및 일반행정 지원, 장애인일자리사업 전담 인력
장애인복지 및 사회복지 서비스 전담 지원",
,,,,장애인일자리_참여형일자리,장애인 일자리 참여형 일자리에 대해 알려줘,"장애인 일자리 참여형 일자리 사업대상은?
장애인 일자리 근로조건 및 보수는?
장애인 일자리 사업유형은?","참여형 일자리
사업대상 : 만 18세 이상 장애인복지법상 등록장애인
근로조건 및 보수
주 14시간 이내 (월 56시간)
월 313,000원
참여인원 : 52명 (2015년 현재)
사업유형 및 주요 직무
참여자의 흥미와 직업능력을 반영한 맞춤형 직무수행",https://www.brcn.go.kr/kor/sub05_04_08_01.do
,,,,장애인단체,장애인 단체 현황을 알려줘,장애인 단체 종류 알려줘,https://www.brcn.go.kr/welfare/sub06_05.do,
,,,,여성장애인 출산 비용 지원,여성 장애인 출산비용 지원에 대해 알려줘,"여성 장애인 출산비용 지원 대상은?
여성 장애인 출산비용 지원내용은?
여성장애인 출산비용 신청방법은?","지원대상: 1∼6급의 등록한 여성장애인 중 출산 및 유산·사산한 자
2016년 1월 1일 이후 출산한 자
2016년 1월 1일 이후 임신기간 4개월 이상의 태아를 유산·사산한 자
※ 단, 인공 임신중절 수술에 따른 유산의 경우는 지원 불가

지원내용
출산(유산·사산 포함) 시 태아 1인 기준 1백만원 지원 / 계좌 입금
신청방법
신청권자 : 여성장애인 본인 또는 그 가족
※ 본인 신청이 원칙이며 부득이한 경우 대리신청 가능

※ 배우자, 직계혈족, 형제·자매

신청장소 : 주소지를 관할하는 읍·면사무소, 동주민센터/방문신청
신청서류 : 신청자 신분증(대리신 신청 시 대리인 본인 신분증 포함) 신청서, 출생증명서(주민등록등본, 가족관계등록부 등), 사산 진단서, 통장사본(여성장애인 본인 명의)",
,,종합사회복지관,일반,종합사회복지관_시설소개,종합사회복지관 층별 안내해줘,종합사회복지관 층별 안내 알려줘,"구분 용도 실명
지하 1층 종합사회복지관 식당, 주방
지상 1층 종합사회복지관 제6~7강의실, 방과 후 공부방, 표현활동실(피아노), 가위손방, 빨래방
지상 2층 종합사회복지관 제5강의실, 고엽제전우회, 대회의실, 드림스타트(아동폭력상담실), 복지관사무실
지상 3층 종합사회복지관 제1~4강의실, 농아인협회, 민주평화통일자문회의, 소비자교육중앙회
지상 4층 도서관 열람실
지상 5층 도서관 자료실",https://www.brcn.go.kr/brwelfare/sub01_02.do
,,,,종합사회복지관_찾아오시는길,종합사회복지관 위치를 알려주세요,"종합사회복지관 위치는 어디야
종합사회복지관 주소 알려줘","복지정보 위치
충남 보령시 천변북길 121
전화번호
041-930-3391",https://www.brcn.go.kr/brwelfare/sub01_04.do
,,,사업안내,가족기능강화사업_방과 후 공부방,방과 후 공부방에 대해 알려줘,"방과 후 공부방 돌봄시간 알려줘
방과 후 공부방 대상인원 알려줘
방과 후 공부방 프로그램내용 알려줘","돌봄시간 및 환경
대상인원 : 60명 / 방과 후 돌봄이 필요한 초등학교 1~3학년(1학년 20명, 2학년 20명, 3학년 20명)
운영시간 : 학기중 12:00 ~ 19:00, 방학중 09:00 ~ 17:00
이용료 : 법정저소득(기초수급자, 차상위계층, 한부모 가정 / 무료), 일반아동 월 70,000원

프로그램 내용
조직 및 업무
구분 내용 비고
학습지도 숙제지도, 국어, 수학, 독서지도, 보드게임 등
특기적성 피아노, 미술, 영어, 독서논술, 체육활동, 과학교실 방학중 : 마술교실
체험학습 체험학습 연 2회
생활지도 기본생활습관, 간식, 석식, 부모상담, 교통안전지도 등 ",https://www.brcn.go.kr/brwelfare/sub02_02_01.do
,,,,교육문화사업_기능·어린이 취미교실,기능 어린이 취미 교실에 대해 알려줘," 기능 어린이 취미 교실 이용방법 안내해줘
  기능 어린이 취미교실 프로그램 알려줘","이용방법
대상 : 보령시에 주민등록이 되어 있는 시민이면 누구나 신청가능
학습지도 : 3~6개월 과정
이용료 : 월 1만원 (무료 대상자 : 만65세 이상, 만 18세 이하 청소년, 다자녀 가정의 부모 및 자녀, 자원봉사자우수회원)
프로그램
기능·어린이취미교실
기능ㆍ어린이 취미교실
과목 대상 정원 수강료 기간 요일 교육시간 교육내용
7과목 　 110명 　 　 　 　 　
컴퓨터 만18세이상 15 1만원 연중 월ㆍ수 10:00 ~ 12:00 파워포인트, 한글, 엑셀 등
한지공예 만18세이상 15 1만원 연중 화ㆍ목 09:30 ~ 12:30 전등, 콘솔 등 생활소품 만들기
우드버닝 만18세이상 15 1만원 연중 월ㆍ수 14:00 ~ 16:00 인두화(풍경,인물화 등)새김
민요교실 만18세이상 20 1만원 연중 금 13:30 ~ 15:30 경기민요 등 각 지역 민요 배우기
야간 영어회화 만18세이상 15 1만원 연중 화ㆍ목 19:00 ~ 21:00 생활영어 회화 및 기초다지기
어린이 그림그리기 초등생 15 무료 1기 토 10:00 ~ 12:00 손과눈 협응력 및 인지능력 발달
마술 초등생 15 무료 1기 토 10:00 ~ 12:00 원리 및 도구사용법 알기
신청방법
방문접수 : 종합복지관팀(041-930-3393, 041-930-3397)",https://www.brcn.go.kr/brwelfare/sub02_02_02.do
,,,,교육문화사업_어르신 여가·문화사업,어르신 여가·문화사업 종류 알려줘,"어르신 여가·문화사업 이용방법 알려줘
어르신 여가·문화사업 프로그램","이용방법
대상 : 보령시에 주민등록이 되어 있는 만65세 이상 어르신
학습지도 : 1~3개월 과정
이용료 : 월 1만원 (무료 대상자 : 만65세 이상, 만 18세 이하 청소년, 다자녀 가정의 부모 및 자녀, 자원봉사자우수회원)
프로그램
어르신여가문화사업
어르신 여가문화교실(은빛교실)
과목 대상 정원 수강료 기간 요일 교육시간 교육내용
3과목 　 50명 　 　 　 　 　
어르신 정보화 65세이상 15 무료 연중 월ㆍ수 13:00 ~ 15:00 컴퓨터 기초 과정 지도
한글교실 만18세이상 15 무료 연중 목ㆍ금 10:00 ~ 12:00 한글기초 및 맞춤법 지도
웃음치료교실 65세이상 20 무료 연중 화ㆍ수 10:00 ~ 12:00 분노, 우울 정서조절
신청방법
방문접수 : 종합복지관팀(041-930-3393, 041-930-3397)",https://www.brcn.go.kr/brwelfare/sub02_02_03.do
,,,,자활지원사업_기능교육,자활지원사업_기능교육이 뭐에요?,"자활지원사업_기능교육 이용방법 알려줘
자활지원사업_기능교육 프로그램 알려줘","이용방법
대상 : 보령시에 주민등록이 되어 있는 시민이면 누구나 신청가능
학습지도 : 3개월 과정
이용료 : 월 1만원 (무료 대상자 : 만65세 이상, 만 18세 이하 청소년, 다자녀 가정의 부모 및 자녀, 자원봉사자우수회원)
프로그램
자활사업
자활지원(기능교육)
과목 대상 정원 수강료 기간 요일 교육시간 교육내용
2과목 / 3종 　 45명 　 　 　 　 　
양재 만18세이상 15 1만원 연중 월ㆍ화 09:30~12:30 리폼 및 예쁜옷 만들기
홈패션 주간 만18세이상 15 1만원 연중 목ㆍ금 09:30 ~ 12:30 인테리어 및 생활소품 만들기
야간 만18세이상 15 1만원 연중 월ㆍ화 19:00 ~ 21:00 인테리어 및 생활소품 만들기
신청방법
방문접수 : 종합복지관팀(041-930-3393, 041-930-3397)",https://www.brcn.go.kr/brwelfare/sub02_04_01.do
,,,,지역사회보호사업_밑반찬지원,지역사회보호사업_밑반찬지원에 대해 알려줘,"지역사회보호사업_밑반찬지원 이용방법 알려줘
지역사회보호사업_밑반찬지원 내용 알려줘","이용방법
대상 : 저소득층 독거 어르신, 장애인 가정 등
서비스내용 : 밑반찬지원
이용절차 : 대상자 의뢰(읍·면·동사무소) > 선정 > 서비스제공
주요사업설명
지역사회보호사업
서비스명 내용 비고
밑반찬지원 매월2회 밑반찬 지원 ",https://www.brcn.go.kr/brwelfare/sub02_03_01.do
,,,,지역사회보호사업_행복빨래방,지역사회보호사업_행복빨래방이 뭐에요,지역사회보호사업_행복빨래방 이용방법 알려줘,"이용방법
대상 : 세탁시설이 취약한 요보호대상자(어르신, 장애인 등)
서비스내용 : 행복빨래방
이용절차 : 대상자 의뢰(읍·면·동사무소) > 선정 > 서비스제공
주요사업설명
지역사회보호사업
서비스명 내용 비고
행복빨래방 세탁물 수거 후 세탁 및 전달(연중시행)
",https://www.brcn.go.kr/brwelfare/sub02_03_02.do
,,,,지역사회보호사업_사랑의 가위손방,사랑의가위손방이 뭐에요?,사랑의 가위손방에 대해서 알려줘,"이용방법
대상 : 65세 이상 저소득층 어르신 및 중증 장애인
서비스내용 : 사랑의 가위손방
이용절차 : 대상자 의뢰(읍·면·동사무소) 및 희망자 > 서비스제공
주요사업설명
지역사회보호사업
서비스명 내용 비고
사랑의 가위손방 컷트, 염색등 이미용 서비스 (매월 둘째주 수요일) ",https://www.brcn.go.kr/brwelfare/sub02_03_03.do
,,,,지역사회보호사업_명절음식 나누기,명절음식 나누기에 대해 알려줘,"명절음식 나누기가 뭐에요?
명절음식 나누기 이용방법 알려줘","이용방법
대상 : 밑반찬 지원 대상가구
서비스내용 : 명절음식 나누기
이용절차 : 밑반찬 지원 대상가구 > 서비스제공
주요사업설명
지역사회보호사업
서비스명 내용 비고
명절음식 나누기 설, 추석 명절 음식 지원 ",https://www.brcn.go.kr/brwelfare/sub02_03_04.do
,,,,지역사회보호사업_행복나들이,행복나들이가 뭐에요?,"행복나들이에 대해 알려줘
행복나들이 이용방법 알려줘
","이용방법
대상 : 65세 이상 저소득 어르신
서비스내용 : 행복나들이
이용절차 : 대상자 의뢰(읍·면·동사무소) >선정 > 서비스제공
주요사업설명
지역사회보호사업
서비스명 내용 비고
행복나들이 지역 명소ㆍ 유적지 등 나들이(연 1회) ",https://www.brcn.go.kr/kor/sub05_04_08_02.do
,,,,특화사업_사랑나눔 김치은행,사랑나눔 김치은행 이용방법 알려줘?,"사랑나눔 김치은행이 뭐에요?
사랑나눔 김치은행에 대해 알려줘","이용방법
대상 : 독거 어르신, 장애인 가정 및 저소득층
운영기간 : 연중(김장 지원 3~11월)
서비스내용 : 사랑나눔 김치은행(가구당 13㎏)
시설규모 : 저온창고(10㎡)
이용절차 : 대상자 의뢰(읍·면·동 사무소) 〉선정 > 서비스 제공
김치를 기부하시면 충남사회복지공동모금회를 통하여 기부금 영수증을 발급해 드립니다.",https://www.brcn.go.kr/kor/sub05_04_08_02.do
,,드림스타트센터,드림스타트 소개,드림스타트 사업안내,드림스타트에 대해 알려주세요,"드림스타트가 뭐에요?
드림스타트 대상자 선정방법은?","사업안내
사업목적 취약계층 아동에게 맞춤형 통합서비스를 제공하여 아동의 건강한 성장과 발달을 도모하고 공평한 출발 기회를
보장함으로써 건강하고 행복한 사회구성원으로 성장할 수 있도록 지원
법적근거 아동복지법 제37조, 아동복지법시행령 제37조
서비스 대상 0세(임산부 포함) ~ 만 12세(초등학생 이하)로 아동의 성장 및 복지여건이 취약한 가정
※ 국민기초수급 및 차상위계층 가정, 결손가정, 성폭력피해아동, 한부모가정, 조손가정 우선 지원을 원칙으로 함

대상자
선정방법 사업지역(시ㆍ군ㆍ구) 내 거주하는 해당 연령의 아동과 그 가족, 임산부를 대상으로 가정을 방문하여 '드림스타트
양육환경 및 아동발달 사정'을 통해 위기개입 / 집중사례관리 / 일반사례관리 아동을 선정
※ 수준별로 대상 아동에 대해 정기적으로 재사정을 실시하여 대상자 재선정",https://www.brcn.go.kr/kor/sub05_04_08_02.do
,,,,드림스타트 사업안내_서비스내용,드림스타트 서비스 내용은 뭐에요?,드림스타트 서비스내용 알려줘,"서비스 내용
서비스 구분 서비스 내용
신체/건강
-아동의 건강한 성장과 신체발달 증진
-건강한 생활을 위한 건강검진 및 예방, 치료
-아동 발달에 필요한 신체/건강 정보 제공
인지/언어
-아동의 의사소통 및 기초학습 능력 강화
-맞춤형 인지/언어 서비스를 통한 아동의 강점 개발
정서/행동
-자아존중감 및 긍정적 성격 형성을 위한 정서발달 서비스 제공
-올바른 사회 인식 및 이해를 도와 성숙한 사회시민으로 성장을 도모
부모의 양육
-부모자녀 상호작용 및 적합한 교육환경을 위한부모 역량 강화
-부모의 유능감 및 자존감 강화
-부모의 양육기술 지원
-임산부의 건강한 출산 및 양육 지원
",https://www.brcn.go.kr/kor/sub05_04_08_02.do
,,,,찾아오시는 길,드림스타트센터 주소 알려줘,드림스타트센터 가는길 알려줘,"주소
(우)33438 충청남도 보령시 천변북길 121(보령시종합사회복지관 1층)

https://www.dreamstart.go.kr/bory/contents/sub01_02_02.asp",https://www.brcn.go.kr/kor/sub05_04_08_02.do
,,청소년지원센터,보령시청소년 교화연합회,이용방법,보령시청소년 교화연합회 이용방법 안내해주세요,"보령시 청소년 교화연합회 이용시간 알려줘
보령시 청소년 교화연합회 휴관일 알려줘",http://dongmuya.or.kr/img/cnt/intr/0401.jpg<이미지>,
,,,"청소년상담복지센터,꿈드림",이용안내,청소년 상담 복지센터 꿈드림 이용안내 해주세요,청소년 상담 복지센터 꿈드림이 뭐에요?,"http://dongmuya.or.kr/img/cnt/cent/020101.jpg
http://dongmuya.or.kr/img/cnt/cent/020101.jpg",
,,,,이용방법,청소년 상담 복지센터 꿈드림 이용방법은 뭐에요?,청소년 상담 복지센터 꿈드림 이용방법 알려줘,,
,,,청소년문화의집,이용안내,청소년 문화의 집 이용 시간 알고싶어요,"청소년 문화의집 이용시간은 언제에요?
청소년 문화의집 휴관일 알려주세요",,
,,,,프로그램안내,청소년 문화의 집 프로그램 안내 해주세요,청소년 문화의 집 프로그램 뭐가있어요?,http://dongmuya.or.kr/img/cnt/cult/030201.jpg,
,,,청소년자원봉사센터,이용안내,청소년 자원봉사센터에 대해 알려줘,청소년 자원봉사센터 설명해줘,http://dongmuya.or.kr/img/cnt/volu/040101.jpg,
,,,,프로그램안내,청소년 자원봉사센터 프로그램 안내해줘,청소년 자원봉사센터 주요활동내용은 뭐야?,http://dongmuya.or.kr/img/cnt/volu/040201.jpg,"https://www.dreamstart.go.kr/bory/contents/sub01_01_03.asp
"
,,,청소년 유해환경 감시단,감시단안내,청소년 유해환경 감시단은 뭐에요?,청소년 유해환경 감시단 설명해줘,http://dongmuya.or.kr/img/cnt/envi/0501.jpg,
,,,교육안내,고발창구,청소년 유해환경 신고하고 싶어요,청소년 유해환경 신고하려고 하는데,http://dongmuya.or.kr/cnt/envi/envi050401.html,
,,보령시자원봉사센터,센터소개,조직도,보령시자원봉사센터 업무담당자 알고싶어요,보령시 자원봉사센터 업무담당자 알려줘,http://nanumboryeong.co.kr/?page_id=13<표참고>,
,,,,찾아오시는 길,보령시 자원봉사 센터 주소 알려줘,"보령시 자원봉사센터 가는 길 알려줘
보령시 자원봉사센터 전화번호 알려줘","충남 보령시 보령북로 75 (구주소 :보령시 대천동 168-2)
041-933-1365
041-933-4365
bv1365@hanmail.net",
,,,정보센터,할인가맹점,보령시 자원봉사센터 할인 가맹점 알려주세요,보령시 자원봉사센터 가맹점은 어디야?,http://nanumboryeong.co.kr/?page_id=23<표참고>,
,,,,우수봉사자증발급,우수봉사자증 발급에 대해 알려주세요,"우수봉사자증이 뭐에요?
우수봉사자증 발급대상은?
우수봉사자증 발급방법은?
우수봉사자증 이용방법은?","우수 자원봉사자증이란?

보령시자원봉사센터에서는 1365포털 시스템에 등록된 봉사자로 봉사활동 실적이 우수한 자원봉사자들에게  ‘충청남도 우수자원봉사자자증’ 발급하고 할인가맹점 이용 시 사용할 수 있습니다.

발급대상 및 방법은
사)보령시자원봉사센터 소속 봉사자로 누적 봉사 시간이 100시간 이상인 자원봉사자(1365자원봉사포털 기준)

소속기관 단체에서 대상자 취합 신청 및 개인 신청(사진 지참 직접 방문)

이용방법은  충남 할인가맹점 이용 시 일정율 할인 적용됩니다.",
,,,,수요처,수요처를 알고싶어요,수요처는 어디인가요?,http://nanumboryeong.co.kr/?page_id=27 ,
,,,,자원봉사자 상해보험 안내,자원봉사자 상해보험에 대해 설명해줘,"자원봉사자 상해보험이 뭐에요?

자원봉사자 상해보험 가입방법은?

자원봉사자 상해보험 적용대상은?","자원봉사자 상해보험 안내
가입목적
자원봉사활동 중 발생할 수 있는 각종 손해 및 사고로부터 자원봉사자를 보호하기 위함

가입방법
지자체 및 센터를 통해 보령시 소속 봉사자 일괄 가입

보험적용대상
1365자원봉사포털(1365.go.kr) 가입자 중 보령시 소속 봉사자

1365자원봉사 포털 가입 후 봉사활동 실적 1회 이상 등록된 경우

1365자원봉사 포털에서 보험 가입을 위한정보제공 및 활용 동의한 봉사자

* 1365포털 로그인 후 회원정보관리에서 소속 센터 및 동의 여부 확인 가능

적용내용
자원봉사 상해보험은 자원봉사 활동을 하는 동안 발생할 수 있는 상해에 대한 보험을 뜻하며

이는 아래의 경우에 해당합니다.

 – 정규활동 : 실제 자원봉사 활동
 – 특별활동 : 자원봉사 활성화 및 자원봉사 준비를 위한 전반적인 활동(연수 및 워크숍 교육 등)
 – 자원봉사활동 시작 전 또는 종료 후 활동장소에 있는 동안
 – 자원봉사활동을 위한 활동 장소와 피보험자(보험대상자)의 주소지와 통상적인 경로 통행 중

",
,,대천가족성통합상담센터,"일반
(센터소개)",센터에서 하는 일,    ,"센터에서 가정폭력 상담도 할수 있나요?
센터에서 성폭력 상담도 할수 있나요?
센터에서 가족상담도 할수 있나요?
센터에서 심리검사를 하나요?",http://www.dfcc.or.kr/design/default/images/work_img.gif,
,,,,함께하는 사람들,센터에서 근무하는 분은?,센터에서 근무하는 분의 이력을 알고싶어요,"센터장 이혁의
학력
호서대학교 대학원 상담학 전공 박사 (Ph.D)
국제문화대학원 대학교 사회복지학 석사(MSW)
호서대학교 대학원 실천신학(목회상담)석사(Th.M)
명지대학교 사회교육대학원 상담심리학과 석사(Ed.M)
서울신학대학 신학과 학사(MA)
자격
중등학교 2급 정교사(국민윤리)
사회교육전문요원 1급
평생교육사 2급
가정폭력 상담원
전문상담사 1급
에니어그램 전문강사 한국에니어그램교육연구소
적극적 부모역할훈련(A.P.T)
성폭력 상담원
상담 전문가
사회복지사 2급
성희롱예방교육전문강사
가정폭력예방교육전문강사
성폭력,성매매예방교육전문강사
폭력예방통합교육전문강사
실장 박점옥
학력
평택대학교 대학원 상담학석사(중독상담전공)
자격
가정폭력상담원
성폭력상담원
사회복지사 2급
2급 전문상담사(한국상담학회)
정신보건상담사 2급(한국정신건강상담사협의회)
건강가정사
가족상담사 1급
부모코치사 2급
미술치료사 1급
놀이심리상담사 1급
노인복지 전문 지도사
약물중독 심리상담사
에니어그램 일반강사(한국에니어그램교육연구소)
팀장 박연옥
학력
순천향대학교대학원 교육학석사(상담교육전공)
자격
가정폭력상담원
성폭력상담원
사회복지사 2급
미술심리상담사 1급
놀이심리상담사 1급
부부심리상담사 1급
에니어그램 일반강사(한국에니어그램교육연구소)
상담원 박경아
학력
백석문화대학교 사회복지학 복지전문학사
서울사이버대학교 상담심리학 상담심리학사
자격
가정폭력상담원
성폭력상담원
사회복지사 2급
미술치료사 1급
웃음치료사 1급
레크레이션 치료사 2급
복지레크레이션 1급
마약중독예방교육 강사
에니어그램 일반강사(한국에니어그램교육연구소)
상담원 이영주
학력
국가평생교육진흥원 사회복지 행정학사
자격
가정폭력상담원
성폭력상담원
사회복지사 2급
상담원 윤혜경
학력
군장대학교 사회복지학 전문학사
자격
가정폭력상담원
성폭력상담원
사회복지사 2급
평생교육사 2급
심리상담사 1급
음악심리상담사 1급
상담원 장예은
학력
광주여자대학교 상담심리학과 학사
자격
가정폭력상담원
성폭력상담원",
,,,,찾아오시는 길,대천가족 성통합상담센터 찾아가는 길 알려주세요,대천가족 성통합상담센터 주소 알려줘," 주소 : (33465) 충남 보령시 대천로 35
 문의전화 : (041) 936-7941
 Fax : (041) 936-7931
 E-mail : dfcc@hanmail.net",
,,,상담안내,상담안내,상담은 어떤 종류가 있나요?,상담받고 싶은데 어떤 상담이 가능한가요?,"1.면접상담
전화예약 후에 방문하시면 약속된 시가넹 전문상담원과 상담이 가능합니다.
편안한 분위기의 상담실에서 일대일로 대면상담을 합니다.
가정폭력, 성폭력 관련상담은 무료입니다.
상담시 심리검사를 받으실 수 있습니다.

2. 전화상담
상담전용전화 : 평일(041-933-1366)
                     토요일, 공휴일, 야간(국번없이 1366)
평일 : 오전 9시부터 오후 6시까지
전화상담실에서 전문상담원이 상담

3. 사이버 상담
온라인 상담실의 코너에 상담내용을 올리시면 빠른시간내에 상담원이 답변글을 올립니다.
상담글을 올리실 때는 구체적으로 작성하시면 적절한 도움을 받으실 수 있습니다.

4. 상담시간
평일(월~금) : 오전9시 ~ 오후6시
토, 휴일, 야간 : 24시간 (국번 1366 휴대전화 사용시 지역번호와 1366)

상담센터의 상담내용을 철저하게 비밀이 보장되어 비공개입니다.",
,,,인터넷상담실,가정폭력상담실,가족폭력 상담하고 싶어요,가정폭력 온라인 상담실 알려줘,http://www.dfcc.or.kr/modules/board/bd_list.html?id=counsel_home,
,,,,성폭력 상담실,성폭력 상담하고 싶어요,성폭력 온라인 상담실 알려줘,http://www.dfcc.or.kr/modules/board/bd_list.html?id=counsel_sex,
,,,,가족문제 상담실,가족문제 상담하고 싶어요,가족문제 온라인 상담실 알려줘,http://www.dfcc.or.kr/modules/board/bd_list.html?id=counsel_family,
,,,프로그램안내,(상담관련프로그램),상담관련 프로그램은 어떤게 있나요?,상담관련 프로그램 알려줘,"가정폭력행위자 교정 및 치료
행복한 가정만들기 부부캠프
가족과 함께 떠나는 문화탐방
알콜중독자 가족프로그램
노인 심리케어프로그램",
,,,,(상담교육프로그램),상담교육 프로그램은 어떤게 있나요?,상담교육 프로그램 설명해줘,"심리상담사 양성과정
미술치료사 양성과정
웃음치료사 양성과정
독서치료사 양성과정
애니어그램 1,2단계 과정
적극적부모역할훈련(A,P,T)
기타교육과정",
,,보령여성인력개발센터,센터소개,조직도,센터 조직도 알려줘,센터 어떤 팀이 있는지 알려줘,http://www.brjob.or.kr/sub1/images/sub4_img1.jpg,
,,,,시설안내,여성인력센터 시설 안내 해주세요,"여성인력센터 4층에 뭐가 있나요?
여성인력센터 5층 시설 알려주세요","보령여성인력개발센터에서는 여러 전문직업교육을 위한 강의실과 바리스타실, 조리실, 제과제빵실, 전산실 등의 시설을 갖추고 있습니다.

시설현황

4층 4층1강의실 ,4층2강의실, 4층3강의실, 4층4강의실, 제과제빵실, 바리스타실
5층 5층5강의실, 5층6강의실, 5층7강의실, 5층상담실1, 5층상담실2, 전산실

",
,,,,오시는길,여성인력센터 가는 길 알려주세요,여성인력센터 주소랑 연락처 알려주세요,"주소 및 연락처

주소 : 충청남도 보령시 한내로 11 (동대동)
연락처 : 041-935-9663 Fax. 041-935-2663
e-mail : brjob@hanmail.net",
,,,교육프로그램_과정별안내,국비 지원사업,국비 지원사업 뭐가 있는지 알려주세요,국비 지원사업 뭐있는지 알고싶어,http://www.brjob.or.kr/sub2/sub2.aspx,
,,,,기타 지원사업,기타 지원사업은 어떤게 있나요?,기타 지원사업 종류 알려주세요,http://www.brjob.or.kr/sub2/sub3.aspx,
,,,,일반유료훈련,일반 유료훈련은 어떤 종류가 있나요?,일반 유료훈련은 어떤게 있나요?,http://www.brjob.or.kr/sub2/sub4.aspx,
,,,,수강신청안내,수강신청에 대해 안내해주세요,"수강신청 방법 알려줘
수강신청 안내 해주세요
온라인 입금 안내해주세요
입금 계좌번호 알려주세요","보령여성인력개발센터에서 실시하는 교육의 신청을 원하시는 분들은 방문, 전화, 팩스·메일을 통해 신청접수가 가능합니다.

 수강신청안내

모든 과정은 전화, 방문을 통해 사전접수하셔야 하며, 교육시작일 2일 전까지 수강료가 입금되어야 합니다.
실업자 내일배움카드제, 근로자 직업능력개발훈련 과정은 개인에 따라 본인부담금이 다를 수 있으므로, 본인부담금 확인 후
    교육시작일 2일 전까지 입금해주시기 바랍니다.
교육일정은 센터사정에 따라 폐강 또는 연기될 수 있으며, 이 경우 수강료는 전액환불 가능합니다.

 수강신청방법

 방문접수
센터에 내방하여 수강신청서를 작성하고 수강료 결제

 전화접수
- 전화번호 : (041)935-9663
- 전화로 수강신청서 작성 후 수강료 입금

 팩스, 이메일 접수
- FAX : (041)935-2663
- E-mail : brjob@hanmail.net
- 수강신청서를 팩스나 메일로 전송 후 수강료 입금


 온라인 입금안내

신협 계좌 : 131-005-560725 예금주 : (사)온터두레회 보령여성인력개발센터",
,,,,환불안내,환불안내 해주세요,환불 규정 알려주세요,"소비자분쟁해결기준(공정거래위원회고시 제 2018- 2호)과 학원영업 및 평생교육 시설 운영법에 의해 아래와 같은 환불규정을 적용하고
있습니다.

 보령여성인력개발센터 환불규정

61. 학원운영업 및 평생교육시설운영업(2개업종)
분쟁유형 해결기준 비고
1) 사업자가 다음의 부당행위를 하였을 때 수강자가 이 사실을 안 후 지체 없이 계약해제 요구
- 허위·과장광고에 의한 수강계약 체결
- 정원을 초과한 수강생 모집 및 교습
- 무자격 또는 자격미달강사에 의한 교습
(단, 강사의 자격기준은 학원법, 평생교육법 등 관련법령에 의함) - 계약해제 및 수강료 전액환급
- 계약해제 및 수강료 전액환급
- 계약해제 및 수강료 전액환급 ※ 계약시 수강료와 교재비 등을 따로 기재하여 고지하여야 한다.
2) 사업자가 위 각호의 부당행위를 하였을 때 수강자가 계속 수강하다가 계약해제 요구 - 잔여기간에 대한 수강료 환급 일할(日割)계산
3) 수강기간도중 학원인가 또는 등록취소, 일정기간 교습정지 등 행정처분이나 학원의 이전, 폐강, 기타 사업자의 사정으로 인한 수강불능 - 잔여기간에 대한 수강료 환급 일할(日割)계산하여 사유발생일로부터 5일 이내에 환급함.
4) 소비자의 귀책사유로 인한 계약해제 및 해지
① 교습개시전

② 교습개시후
- 교습기간이 1월 이내
  총 계약기간의 1/3 경과 전
  계약기간의 1/2 경과 전
  계약기간의 1/2 이후

- 수강료징수기간이 1월 초과
- 기 납부한 수강료 전액 환급



- 수강료의 2/3 해당액 환급
- 수강료의 1/2 해당액 환급
- 미환급

- 반환사유가 발생한 당해 월의 반환 대상 수강료(수강료 징수기간이 1월 이내인 경우에 따라 산출된 수강료를 말함.)와 나머지 월의 수강료 전액을 합산한 금액 ※ 총 교습시간은 교육기간중의 총 교습시간을 말하며 반환금액의 산정은 반환사유가 발생한 날까지 경과된 교습시간을 기준으로 함.

※ 단, 학습자의 원에 의한 반환사유 발생일은 반드시 학습자의 <환불신청서> 접수일 기준임
반환사유 발생일 : 센터에 환불신청서로 환불요청을 한 날을 말함. (전화, 구두상의 요청은 인정되지 않음)
카드수납의 경우 : 개강전 환불은 전액환불, 개강 후 환불은 위의 규정을 적용",
,,,여성새로일하기센터,여성새로일하기센터,여성 새로일하기센터가 뭐야?,"여성 새로일하기 센터에 대해 알려줘
여성 새로 일하기 센터에 어떤 프로그램이 있는지 알려줘","여성새로일하기센터

여성새로일하기센터(새일센터)는 혼인·임신·출산·육아 등으로 경력이 단절된 여성에게 취업상담, 직업교육훈련, 인턴십 및 취업 후 사후관리 등 종합적인 취업지원 서비스를 ONE-STOP으로 제공하는 여성가족부·고용노동부 지정 기관입니다.


 여성새로일하기센터 사업

집단상담 프로그램 : 자기탐색과 진로설계를 통한 맞춤식 취업준비 프로그램
직업훈련 프로그램 : 전문 커리큘럼과 강사풀로 구성된 여성전문 직업훈련
찾아가는 취업지원서비스 : 취업희망 여성 및 구인기업 발굴(연 12회 이상)
새일여성인턴제 : 직업적응 프로그램으로 기업체에 인턴채용 지원금 지원
취업연계 및 사후관리 서비스 : 사후관리 상담 및 고용유지를 위한 고충상담, 여성친화기업협약 등
 ",
,,,,세일여성인턴십,새일 여성 인턴십이 뭐에요?,"새일여성인턴십 신청에 대해 알고싶어요
새일여성인턴십 지원대상 알려줘
새일여성인턴십 신청서류 알려줘","새일여성인턴/결혼이민여성인턴

새일여성인턴십은 경력단절여성 및 결혼이민여성에게 직장체험 및 업무적응의 기회를 제공하고, 여성인력이 필요한 기업에게는 맞춤알선서비스와 인턴채용 지원금을 지원하는 사업입니다.

(새일여성인턴) 장기간 직장으로부터 이탈된 경력단절여성이 취업 후 직장에 적응할 수 있도록 지원
(결혼이민여성인턴) 결혼이민여성의 경제 자립 지원과 지역 사회 내 일자리 연계를 통해 다문화 가족의 삶의 질 향상에 기여하고 취업 후 직장에 적응할 수 있도록 지원

신청기간 : 1월~ 채용지원금 예산 소진시까지
인턴대상 : 새일센터에 구직 등록(필수)한 미취업 여성
인턴기간 : 3개월
지원내용 : 참여기업 - 인턴지원금 : 인턴 3개월간 80만원씩 = 총 240만원
                                   - 고용장려금 : 인턴 종료 후 상용직·정규직 전환으로 6개월 고용유지 시 80만원 지원
                     참 여 자 - 인턴종료 후 6개월 고용유지 시 60만원 지원
채용조건 : 전일제근무
                     새일여성인턴(주당 35시간 이상) / 결혼이민여성인턴(주당 30시간 이상)

 지원대상 및 신청서류

구분 인턴 참여자 인턴 참여업체
지원대상 미취업여성
(새일센터 구직등록 필수)
보령 지역 내 소재 사업장으로
상시근로자 5인 이상의 4대보험 가입기업체
신청서류 구직신청서, 인턴참여신청서 구인신청서, 사업자등록증 사본

※ 신청서 양식은 자료실에 있습니다.
※ 신청서를 작성하셔서 팩스나 이메일로 접수하면 확인 후 연락드립니다.
문의전화 : 041)935-9663(내선2)
팩스번호 : 041)932-8913
전자메일 : brjob@daum.net
 ",https://www.brcn.go.kr/kor/sub05_07_02.do
,,,,찾아가는 취업지원서비스,찾아가는 취업지원서비스에 대해 알려줘,"찾아가는 취업지원서비스는 어디서 하나요?
찾아가는 직업상담에 대해서 알려줘
이마트 보령점 직업상담 가능 시간 알려주세요
홈플러스 보령점 직업상담 가능 시간 알려주세요","
센터를 방문하기 어려운 분, 인터넷이나 기타 매체의 정보접근성이 떨어지는 분들을 취업전문가인 취업설계사가 직접 찾아가서 구인·구직 상담 및 취업지원서비스를 제공합니다.
또한, 여성의 왕래가 많은 장소에서 직업상담 및 취업정보제공 및 개인별 맞춤형 취업알선 및 교육을 제공합니다.

 이동 구인·구직 상담, 훈련 및 직업정보제공

 찾아가는 직업상담

이마트,홈플러스 (보령점) / 아파트단지 및 관리사무소/ 읍,면,동사무소/ 보령장터
[월 2회]
이마트 보령점
매주 둘째 금요일 15:00~17:00
홈플러스 보령점
매주 셋째 목요일 15:00~17:00
*센터 취업상담사가 항상 기다리고 있습니다.",
,,,,집단상담프로그램,집단상담프로그램에 대해 알려줘,"집단상담프로그램 교육대상 알려줘
집단상담프로그램 교육특전은 뭐야?
집단상담 프로그램 내용 알려줘
집단상담 프로그램 신청서류는?","집단상담 프로그램 운영

미취업 여성들의 구직준비 필수코스
취업 자신감 회복 및 취업정보 제공
전문 직업상담을 통한 진로설정

 교육대상

경력단절 여성 및 미취업 여성 누구나 가능(고용보험 가입자 또는 사업자등록증 소지자 제외)

 교육특전

교육비 전액무
구직활동 2회 인정
수료 후 맞춤식 취업연계
수료증 발급
정부지원 직업교육훈련 우선참여
새일여성인턴 우선연계
간식 및 중식제공

 프로그램 내용

구분 새일스타트 새일플러스
대상 새로운 경력을 형성하고 취업을 준비하는
진로 미설정 경력단절여성 과거 경력을 바탕으로 신속히 재취업을 원하는
진로 설정 경력단절여성
내용 · 1일 : 나의 취업동기
· 2일 : 직업세계 변화와 재취업 직종
· 3일 : 나의 성향 알아보기
· 4일 : 재취업 준비
· 5일 : 새로운 출발 · 1일 : 취업 희망분야 살펴보기
· 2일 : 재취업 걸림돌 극복하기
· 3일 : 효과적인 일자리 정보탐색
일정 5일(총 20시간)
월-금 9:30~13:30 3일(총 12시간)
월-수 9:30~13:30
인원 15명 이내 10명 이내

 신청서류

신청서(센터 소정 양식), 증명사진2매
※ 신청서양식은 자료실에 있습니다.

 접수문의

041)935-9663(내선2)
 ",https://www.brcn.go.kr/kor/sub05_07_02.do
,,,청년내일채움공제,취업성공패키지,취업성공패키지에 대해 알려주세요,"취업성공패키지 참여대상자는 누구야?
취업성공패키지 취업지원프로그램 알려줘
취업성공패키지 취업지원수당 알려줘
취업성공패키지 신청방법 알려줘
취업성공패키지 지원대상자 제외기준은?","취업성공패키지란?

고용노동부가 취업에 어려움을 겪는 구직자를 위해 운영중인 맞춤형 취업지원 서비스로 '진단·경로설정→의욕·능력증진→집중 취업알선'에 이르는 통합적인 취업지원 프로그램을 제공하는 종합적인 취업지원체계입니다.

 참여대상자

중장년층(Ⅱ) : (만35세~69세) 중위소득 100%이하인 가구 구성원(건강보험료 기준)
※ 확인자료 : 건강보험 자격확인서, 건강보험 납부확인서(최근 3개월, 건강보험공단 확인 1577-1000)
유형구분 보험구분 1인가구 2인가구 3인가구 4인가구 5인가구 6인가구
건강보험료
부과액(상한액) 저소득층 구분없음 31,302 53,298 68,949 84,599 100,250 115,901
중장년층 직장 52,170 88,829 114,914 140,999 167,084 193,169
지역 62,604 106,595 137,897 169,199 200,501 231,803
※ 실업급여 수급 중에는 취업성공패키지 참여 불가(종료 이후 참여 가능)
중장년층(Ⅱ) : 만18세~34세 고졸이하 및 대졸이상 미취업자, 최종학기(대학), 학년(고교)재학생
※ 청년층 참여자는 건강보험료 소득요건 확인대상 아님, 참여 전 자가진단(http://www.work.go.kr/pkg/young) 실시
※ 신청시 제출서류 : (공통)최종학교 졸업(재학, 제적)증명서, 보호자 또는 학교장 확인서 제출

 취업지원프로그램



 취업지원수당



 신청방법

취업성공패키지 신청방법
신청방법 : 직접 방문 또는 전화문의
                 TEL : 041-935-9663(내선 3번) FAX : 041-935-2663
신청장소 : 충남 보령시 한내로 11(신협5층) 보령여성인력개발센터
신청서류 : 취업성공패키지 참가신청서
증빙서류 : 중장년층 – 신분증, 건강보험 자격확인서, 건강보험 납부확인서(최근 3개월)
                 청년층 – 신분증, (공통)최종학교 졸업(재학, 제적)증명서, 보호자 또는 학교장 확인서)
참       고 : 고용노동부 홈페이지 www.moel.go.kr
                 (정보마당 → 주요정책정보 → 고용서비스 → 취업성공패키지)



취업성공패키지 지원대상자 제외기준
- 실업급여 수급자로 수급기간 종료일로부터 1개월이 경과하지 않은 자
- 취업성공패키지에 참여하여 종료, 중단 조치를 받은 날로부터 1년이 경과되지 않은 자
- 정부재정지원 일자리 사업 참여자, 고용노동부 및 타 부처(지방자치단체 포함)의 취업지원프로그램에 참여중인 자
- 주당 소정근로시간 30시간 이상의 일자리에 취업하고 있는 자",
,,,,지원대상,청년내일채움공제 지원대상 알려줘,"청년내일채움공제 지원대상은?
청년내일채움공제 청년 지원대상 알려줘
청년내일채움공제 기업 지원대상 알려줘","지원대상

 • 정규직 취업일 현재 만 15세 이상 만 34세 이하자로서 고용보험 최초취득자
  (군필자의 경우 군복무기간 비례하여 연동 적용 만 39세로 한정)
• 최종학교 졸업 이후 고용보험 가입 기간이 12개월 이하인자
  (12개월 초과자는 6개월 실직기간 적용)
• 청년공제와 지원대상, 목적, 지원방식 등이 유사한 자산형성사업 참여자는 중복참여 불가
• 참여제한 : 사업자등록증 소지자, 청년공제 1회 이상 가입했던 자,
  월급여 총액 350만원 초과자, 소정근로시간 주 30시간 미만자등


• 고용보험 피보험자수 기준 5인 이상의 중소·중견기업
   (지식서비스산업, 문화콘텐츠산업에 해당되는 경우 5인 미만 사업장도 가능하나 소비향략업등
    일부업종 및 비영리법인은 지원 제외)
• 기업의 청년 채용조건
   - 주 30시간 이상의 정규직 채용, 최저임금 이상 지급
• 3년형의 경우 ‘뿌리산업’에 해당할 경우만 가능(뿌리기업 확인서 제출)
   ※뿌리산업이란? 주조, 금형, 소성가공, 용접, 표면처리, 열처리등의 뿌리기술을 활용하여
     사업을 영위하는 업종이거나 뿌리기술에 활용되는 장비 제조업종
     (「뿌리산업 진흥과 첨단화에 관한 법률」 제 2조)",
,,,,지원내용,청년내일채움공제 지원내용 알려줘,"청년내일채움공제 지원내용은?
청년내일채움공제 청년 지원내용 알려줘
청년내일채움공제 기업 지원내용 알려줘","지원내용

 • 본인, 정부, 기업(정부지원)의 공동적립을 통해 본인납입금 대비 약 5배 수령으로 미래설계
  기반 마련
• 최소 2~3년 동일 사업장에서 근무하면서 실직적 경력 형성의 기회
• 만기 후 중소벤처기업부의 내일채움공제(3~5년)로 연장가입 시 최대 8년의 장기적인
  목돈마련가능


• ‘인재육성형 전용자금’ 지원 대상으로 편입 등 중소벤처기업부 49개 사업 참여 시 혜택
• 잦은 이직으로 인해 인력난이 심각한 중소기업은 우수인력을 고용유지 할 수 있는 기회

 ",
,,,,2년형 청년내일채움공제 적립 구조,2년형 청년내일채움공제 적립구조 알려줘,"2년형 청년내일채움공제 적립구조 청년에 대해 알려줘
2년형 청년내일채움공제 적립구조 기업에 대해 알려줘","2년형 청년내일채움공제 적립 구조

청년 : 2년형 만기 시 1,600만원+@이자 목돈마련 (본인납입금: 월 125,000원씩 300만원 적립)
기업 : 기업기여금 400만원 (400만원은 청년에게 자동적립, 50만원은 기업순지원금)

지원금 지급 회차
(공제가입일=청약승낙일) 1회차
(1M) 2회차
(6M) 3회차
(12M) 4회차
(18M) 5회차
(24M) 계 총지원금
고용부 -> 청년 75만원 150만원 225만원 225만원 225만원 900만원 청년
900만원+400만원
고용부 -> 기업 기여금 45만원 70만원 95만원 95만원 95만원 400만원
순지원금 10만원 10만원 10만원 10만원 10만원 50만원 기업 50만원
 ",https://www.brcn.go.kr/kor/sub05_07_02.do
,,,,3년형 청년내일채움공제 적립 구조,3년형 청년내일채움공제 적립구조 알려줘,"3년형 청년내일채움공제 적립구조 청년에 대해 알려줘
3년형 청년내일채움공제 적립구조 기업에 대해 알려줘","
 3년형 청년내일채움공제 적립 구조

청년 : 3년형 만기 시 3,000만원+@이자 목돈마련 (본인납입금: 월 165,000원씩 600만원 적립)
기업 : 기업기여금 600만원 (600만원은 청년에게 자동적립, 70만원은 기업순지원금)

지원금 지급 회차
(공제가입일=
청약승낙일) 1회차
(1M) 2회차
(6M) 3회차
(12M) 4회차
(18M) 5회차
(24M) 6회차
(30M) 7회차
(36M) 계 총지원금
고용부 -> 청년 150만원 175만원 225만원 250만원 325만원 325만원 350만원 1800만원 청년
1800만원+600만원
고용부
-> 기업 기여금 50만원 50만원 75만원 100만원 100만원 100만원 125만원 600만원
순지원금 10만원 10만원 10만원 10만원 10만원 10만원 10만원 70만원 기업 70만원
 ",
,,,,신청기한/신청방법,청년내일채움공제 신청기한과 신청방법을 알려줘,"청년내일채움공제 신청기한 알려줘
청년내일채움공제 신청방법 알려줘","신청기한

정규직 채용일 기준 6개월 이내만 청약 가능

 신청방법

워크넷 가입 신청: http://www.work.go.kr/youngtomorrow 에서 청년과 기업이 각각 온라인 신청
    - 가입 신청 시 해당 참여유형 (2년형 또는 3년형) 확인 후 내용 작성하고 운영기관은 ‘(사)온터두레회 보령여성인력개발센터’를
      선택 후 신청 완료
청약 신청: http://sbcplan.or.kr/ 에서 기업이 먼저 신청 후 청년이 청약 신청
    - 청약 신청은 공제 참여 요건에 해당하는 청년과 기업만 가능

",
,,,취업지원,구인/구직등록 절차,구인/구직등록 절차 알고싶어요,"구인 절차 알려줘
구직등록 절차 알려줘 "," 구인신청절차
이메일,팩스, 방문 -> 이메일,팩스,방문을 통해 사업자등록증 사본제출->구인싱청서 제출 -> 근로조건, 기재누락, 허위기재사항 확인 후 구인표 접수

구직 신청절차
센터방문 -> 구직자 기초상담(구직자유형별 분류) -> 구직표작성 -> 구직표 접수(등록)

 구인표 서식

열린공간 -> 자료실/서식 -> 구인표

 신청 및 문의사항

041-935-9663(내선2번)/ FAX: 041-935-2663/ 이메일: brjob@hanmail.net


 ",
,,건강가정다문화가족지원센터,조직도,조직/구성원,건강가정 다문화가족지원센터 조직도 알려줘,건강가정 다문화가족지원센터 구성원 알려줘,"
양수정센터장센터장

- 센터총괄
조직/구성원 이미지
오현정선임기본사업팀

- 기본사업
- 법인지원사업
조직/구성원 이미지
한아름선임기본사업팀

- 기본사업
- 방문지도사업
- 결혼이민자 역량강화지원사업(한국어교육)
조직/구성원 이미지
박희숙선임기본사업팀

- 기본사업
- 후원사업
- 지역연계사업
조직/구성원 이미지
이라진팀원기본사업팀

- 기본사업
- 가족상담
조직/구성원 이미지
박슬기팀원기본사업팀

- 기본사업
- 센터 운영 및 예산
조직/구성원 이미지
윤영웅팀원기본사업팀

- 기본사업
조직/구성원 이미지
류하나팀원기본사업팀

- 사무행정 및 회계
조직/구성원 이미지
김지혜팀원어울림사업팀

- 다문화어울림사업
- 세계시민교육
- 다문화이해교육
조직/구성원 이미지
고다예팀원특성화팀

- 언어발달지도사업
조직/구성원 이미지
진빛나팀원특성화팀

- 베트남 통번역지원사
조직/구성원 이미지
김사랑팀원특성화팀

- 공동육아나눔터 관리 및 운영
조직/구성원 이미지
우창식팀원특성화팀

- 가족역량강화지원사업
조직/구성원 이미지
나혜진팀원특성화팀

- 아이돌봄지원사업 행정지원",
,,,찾아오시는길,오시는길,건강가정 다문화가족지원센터 주소 알려주세요,"건강가정 다문화가족지원센터 찾아가는 길 알려줘
건강가정 다문화가족지원센터 전화번호 알려줘","보령시 건강가정·다문화가족지원센터

(33433) 충청남도 보령시 한내로 45 문화빌딩 2층 (동대동)
대표전화 : 041-936-8506
상담전화 : 041-934-0033
아이돌봄 : 041-935-0131
팩스 : 041-936-8596
brcenter19@naver.com",
,,,프로그램안내,프로그램목록/프로그램일정,프로그램 목록/ 일정 알려줘,"프로그램 목록 알려줘
프로그램 일정 알려줘","프로그램 목록 :https://boryeong.familynet.or.kr/center/lay1/program/S295T322C324/receipt/list.do
프로그램 일정
https://boryeong.familynet.or.kr/center/lay1/program/S295T322C323/receipt/calendar.do

",https://www.brcn.go.kr/kor/sub05_07_05_01.do
,,,사이버상담,사이버상담,건강가정 다문화가족지원센터 사이버상담 하고싶어요,건강가정 다문화가족지원센터에 상담 연결해주세요,https://boryeong.familynet.or.kr/center/lay1/bbs/S295T325C434/G/10/list.do,https://www.brcn.go.kr/kor/sub05_07_05_02.do
,,,돌봄공동체,지원사업소개,돌봄공동체가 뭐에요,"돌봄공동체 설명해줘
돌봄공동체 유형으나 뭐가있어?
돌봄공동체 돌봄대상은 누구야?
돌봄공동체 운영시간은?
돌봄공동체 돌봄장소는?","공동체 유형으로는

품앗이형 :지역의 공동육아나눔터 등을 기반으로 조성되어
돌봄 활동을 하는 부모 자조 모임 및 품앗이 그룹 등

마을 공동체형 : 부모 및 지역 주민이 마을의 커뮤니티 공간*을 기반으로 돌봄 활동과 돌봄을 매개로 한 지역 사회 활동을 하는 공동체 등
* 북카페, 마을카페, 마을밥상, 마을농장, 쉼터, 녹색가게 등

주민 경제조직형 : 돌봄 활동을 하는 비영리 민간 단체, 협동 조합, 마을 기업, 자활 기업, (예비) 사회적 기업 등 지역 주민이 주도하는 사회적 경제 조직 등

돌봄대상은 만 0세 ~ 만 12세 이하 돌봄이 필요한 모든 아동

운영시간은 지역별·구성원별 틈새 돌봄 시간에 따라 주중/주말 자유롭게 운영합니다.

돌봄장소는 지역 주민이 함께 육아에 참여할 수 있는 공간이면 어디나 가능합니다.
* 공동육아나눔터, 마을 카페, 마을 농장, 작은도서관, 경로당, 마을회관, 아파트 유휴 공간, 체험학습장 등

프로그램은 학습·놀이·체험, 등하교 지원, 급식 지원 등이 있습니다. ",https://www.brcn.go.kr/kor/sub05_07_05_03.do
,,보건정보,보건소소개,업무안내,보건소에서 하는 업무안내 해주세요,"보건소에서 하는 업무안내 해줘
","보 건 행 정 팀
보건소 소관 업무의 종합 계획 수립ㆍ조정ㆍ총괄
보건기관 지도 감독
직원 복무관리에 관한 사항
예산운영 및 회계 관리
의료장비 및 물품 관리
공중보건의사 복무 지도 감독
문서 및 공인관리
지역 보건의료계획 수립 · 평가에 관한 사항
농어촌 의료 서비스 개선 사업
보건정보시스템 운영 · 관리
각종 보건통계연보에 관한 사항
관용차량 관리 운영
청사관리에 관한 사항
보건지소, 보건 진료소 운영지원
소내 타과 및 과내 타 담당에 속하지 않은 사항
감 염 병 관 리 팀
방역대책 수립 및 시행
급 · 만성 감염병 예방관리사업
예방접종
결핵 · 한센병 · 성병 · AIDS 관리
임상검사업무에 관한 사항
신종감염병 예방관리
소독업 허가 지도 및 소독의무대상시설관리 업무
의 약 팀
의약업소 인 · 허가 및 지도단속
화장품 및 안정상비의약품 판매 업소 관리 업무
마약, 향정신성 의약품, 대마관리
무허가 · 부정의약업자 단속
응급의료 및 재난 관리
장기기증에 관한사항
안경업소 개설등록 및 지도감독
의료기관 세탁물 등 처리에 관한 사항
의료 유사업자, 안마시술소의 인 · 허가 및 지도감독
진단용 방사선 발생 장치 신고 및 지도감독
충무계획 수립 시행에 관한 사항
건강진단 등 신고에 관한 사항
진     료     팀
보건소 · 보건지소 환자 진료 및 치료에 관한 사항 (내과 · 치과 · 한방 · 물리치료)
전염병 환자 진료에 관한 사항
건강진단서 등 제증명 발급
발전소 주변지역 주민 건강검진비 지원 사업
원격 영상진료서비스 운영
의료비 및 기타 의료 수가의 징수
진료약품 · 소모품 · 기자재관리
방사선 검사에 관한 사항
일반건강검진 (지역 · 직장 · 의료급여)
학생 건강검진 및  영유아 구강검진
위     생     팀
식품첨가물제조, 식품제조가공, 즉석판매제조
건강기능식품판매, 건강기능식품수입업, 식품판매 신고, 변경 및 업종 관련업무 처리
부정 · 불량식품 유통 관리 및 수거검사
유흥주점, 단란주점, 휴게음식점 영업허가
제과점영업, 위탁급식영업, 식품자동판매기
집단급식소신고 및 운영관리
공중위생업종(숙박, 이용, 세탁, 목욕, 위생관리, 위생처리업) 영업신고, 변경 및 관련업무 처리
이 · 미용사 면허관리
식중독 관련업무 처리
일반음식점 영업신고, 변경 및 관련업무 처리
조리사 면허
건 강 증 진 팀
지역사회 통합건강증진 사업 운영에 관한 사항
건강생활 실천사업에 관한 사항
국민건강 영양조사
지역사회 중심 금연사업 운영에 관한 사항
구강보건사업 운영에 관한 사항
노인건강증진 프로그램 운영에 관한 사항
방 문 보 건 팀
맞춤형 건강관리 사업에 관한 사항
거동불편자 방문진료에 관한 사항
보호자 없는 병실 간병비 지원 사업
암관리사업 (국가 암 검진, 암환자 의료비 지원, 재가 암 환자 관리)
만성질환관리사업 (심혈관계질환 등)
생애전환기 건강검진사업
희귀 · 난치성 질환자 의료비 지원
재활사업(노인 · 장애인 등)
진폐환자 의료비 지원
취약계층 공공의료지원(관절 · 척추질환 · 개안수술)
정 신 건 강 팀
정신건강증진 사업
정신건강증진센터 운영
아동청소년 정신건강사업
중독예방사업
재가정신질환자 치료비지원
자살예방사업
자살고위험군멘토링사업
생명사랑 행복마을 운영
모 자 보 건 팀
가임기 여성 및 임산부 건강관리 지원 사업
산모 · 신생아 건강관리 지원 사업
저소득층 기저귀 · 조제분유 지원 사업
난임부부 시술비 지원 사업(인공 · 체외 수정 시술비)
고위험 임산부 의료비 지원 사업
청소년 산모 임산 · 출산 의료비 지원 사업
임산부 · 영유아 영양플러스 지원 사업
아토피 · 천식 예방관리 사업
미숙아 · 선천성이상아 · 선청성 대사이상아 의료비 지원 사업
신생아 청각선별검사 지원
취학전 아동 실명예방 사업
영유아 건강검진
치 매 관 리 팀
치매 상담센터 운영
치매 조기검진 사업
치매 입원 환자 간병비지원
치매 노인 위치추적 단말기 보급 및 의식표 지원
치매환자 및 요실금질환자 간호용품 지원",http://tour.brcn.go.kr/tour/sitemap_12.do?returnUrl=/prog/tourGuideBook/tour/sub05_06/form.do
,,,직원안내,보건행정과,보건행정과 직원 안내 해주세요,보건행정과 직원번호 알려줘,https://www.brcn.go.kr/prog/deptOnPerson/health/sub01_06_01/4510230/list.do,https://www.brcn.go.kr/prog/deptOnPerson/health/sub01_06_01/4510231/list.do
,,,,건강증진과,건강증진과 직원 안내 해주세요,건강증진과 직원번호 알려줘,https://www.brcn.go.kr/prog/deptOnPerson/health/sub01_06_02/4510134/list.do,https://www.brcn.go.kr/prog/deptOnPerson/health/sub01_06_02/4510135/list.do
,,,,"직원안내(지소,진료소)","지소,진료소 직원안내 해주세요","지소,진료소 직원번호 알려줘",https://www.brcn.go.kr/health/sub01_06_03.do,https://www.brcn.go.kr/health/sub01_06_04.do
,,,시설안내,1층/2층,보건소 시설안내 해주세요,"보건소 1층 시설안내 해주세요
보건소 2층 시설안내 해주세요","1층 이미지 :https://www.brcn.go.kr/images/specific/health/sub1/facil_img01.jpg
2층 이미지
https://www.brcn.go.kr/images/specific/health/sub1/facil_img02.jpg",https://www.brcn.go.kr/health/sub01_03.do
,,,,,,,,
,,,찾아오시는길,보령시보건소,보령시보건소 찾아가는길 알려줘,"보령시보건소 주소 알려줘
보령시보건소 전화번호 알려줘
보령시 보건소 이용안내해줘
보령시 보건소 운영시간 알려줘","주소 : 충남 보령시 남포면 보령남로 234

전화번호 : 041-930-0900,5910(보건행정과), 5960(건강증진과)

FAX : 041-930-5909(보건행정과), 041-930-5959(건강증진과)

이용안내
근무시간 : 월 ~ 금요일 09:00 ~ 18:00
※ 예방접종은 09:00 ~ 15:00 (성인 매일 / 영유아 월, 목)
점심시간 : 12:00 ~ 13:00",
,,,,보건지소/진료소,보령시 보건지소/진료소 주소 알려줘,,https://www.brcn.go.kr/health/sub01_04_02.do,https://www.brcn.go.kr/health/sub01_04_02.do
,,,진료/검진,진료_의과진료,보령시 보건소 의과진료 안내해주세요,"보령시 보건소 의과진료 시간 알려줘
보령시 보건소 의과진료 진료내용 알려줘
보령시 보건소 의과진료비 알려줘
보령시 보건소 의과진료 준비물 알려줘
보령시 보건소 의과진료 담당부서 알려줘","진료시간
09:00 ~ 18:00 (토요휴무)
(점심시간 : 12:00 ~ 13:00)
진료내용
만성퇴행성질환, 당뇨, 고혈압 및 기타 내과질환
방사선촬영 (흉부촬영), 물리치료, 임상병리검사 등
건강상담 등
진료비 (본인부담금)
처방전 발급 시 : 500원
검사 및 처치 시 : 1,100원
진료비 (본인부담금) 감면 대상
국민 기초생활수급권자 및 65세 이상 노인
장애인 및 국가보훈대상자
다자녀 가정에서 세 번째부터 출생한 만 19세 미만인 자녀 (신설 2009.02.20)
장기기증자 및 장기기증 등록자
준비물
건강보험증, 의료보호증, 장애인 및 국가보훈증, 장기기증 등록증
담당 부서
보건행정과 진료팀 최소자 041-930-5945",https://www.brcn.go.kr/health/sub02_01_01.do
,,,,진료_치과진료,보령시 보건소 치과진료 안내해주세요,"보령시 보건소 치과진료 시간 알려줘
보령시 보건소 치과진료 진료내용 알려줘
보령시 보건소 치과진료비 알려줘
보령시 보건소 치과진료 준비물 알려줘
보령시 보건소 치과진료 담당부서 알려줘","진료시간
09:00 ~ 18:00 (토요휴무)
(점심시간 : 12:00 ~ 13:00)
진료내용
충치 (치아우식증) 치료, 치주 (잇몸) 치료, 발치 및 기타 구강질환 치료 및 상담
의치 (틀니), 보철은 하지 않습니다.
진료비 (본인부담금)
1,100원, 원외처방료 (처방전 발급) 500원
진료비 (본인부담금) 감면 대상
국민 기초생활수급권자 및 65세 이상 노인
장애인 및 국가보훈대상자
다자녀 가정에서 세 번째부터 출생한 만 19세 미만인 자녀(신설 2009.02.20)
장기기증자 및 장기기증 등록자
준비물
건강보험증, 의료보호증, 장애인 및 국가보훈증, 장기기증 등록증
담당 부서
보건행정과 진료팀 설미향 041-930-5941",https://www.brcn.go.kr/health/sub02_01_02.do
,,,,진료_한의과진료,보령시 보건소 한의과진료 안내해주세요,"보령시 보건소 한의과진료 시간 알려줘
보령시 보건소  한의과진료 진료내용 알려줘
보령시 보건소  한의과진료비 알려줘
보령시 보건소  한의과진료 준비물 알려줘
보령시 보건소  한의과진료 담당부서 알려줘","진료시간
09:00 ~ 18:00 (토요휴무)
(점심시간 : 12:00 ~ 13:00)
진료내용
진료과 (한방침구과, 한방내과, 한방부인과, 한방신경과 등)
침, 부황, 뜸, 투약 등
한방보건상담 등
진료비 (본인부담금)
본인부담금 : 1,100원
구분 처방일 진료비 (본인부담금) 비고
진료 및 침술성 없음 1,100
진료, 침술 및 투약 1일 1,300
2일 1,600
3일 1,800
4일 2,200
5일 3,600
진료비 (본인부담금) 감면 대상
국민 기초생활수급권자 및 65세 이상 노인
장애인 및 국가보훈대상자
다자녀 가정에서 세 번째부터 출생한 만 19세 미만인 자녀 (신설 2009.02.20)
장기기증자 및 장기기증 등록자
준비물
건강보험증, 의료보호증, 장애인 및 국가보훈증, 장기기증 등록증
담당 부서
보건행정과 진료팀 최소자 041-930-5920",https://www.brcn.go.kr/health/sub02_01_03.do
,,,검진,제증명,보령시보건소 발급가능한 제증명은 어떤것이 있나요? ,"
보령시보건소 건강진단결과서 발급 알려주세요

보령시보건소 일반 건강진단서 발급 알려주세요

보령시보건소 응시용 건강진단서 발급 알려주세요

보령시보건시 자격 취득 건강진단서 발급 알려주세요
보령시보건시 기숙사용 건강진단서 발급 알려주세요
보령시보건시 신체 (적성) 검사서 발급 알려주세요","보령시 보건소에서 발급가능한 제증명은 아래와 같습니다.

건강진단결과서, 일반 건강진단서, 응시용 건강진단서, 자격 취득 건강진단서, 기숙사용 건강진단서, 신체 (적성) 검사서

https://www.brcn.go.kr/health/sub02_02_01.do`",https://www.brcn.go.kr/health/sub02_02_01.do
,,,,건강검진,보령시보건소 건강검진에 대해 알려주세요,"보령시보건소 일반 건강검진에 대해 알려주세요
보령시보건소 국가 암검진에 대해 알려주세요
보령시보건소 의료급여수급자 건강검진에 대해 알려주세요
보령시보건소 의료급여 생애전환기 건강검진에 대해 알려주세요
","일반건강검진
구    분 내    용 비   고
검진 대상
세대주인 역 가입자, 직장가입자 및 만 19세~64세 세대주 및 세대원 홀수년도 출생
비사무직 근로자는 매년 실시

실시 기간 연중
검진 항목 진찰 및 상담, 흉부 방사선 검사 등 22항목
검진 비용 무료 (국민건강보험관리공단 전액 부담)
수검자
유의 사항 검사 전날 밤 10시부터 금식 (혈압, 당뇨약은 복용 가능)
건강보험증 지참
담당 부서 : 보건행정과 진료팀 설미향 041-930-5941
국가 암 검진
기간 : 연중
대상 : 만 40세 이상 의료급여 수급자 및 건강보험 하위 50% 홀수년도 출생자                                                                           ※ 자궁경부암: 만 20세 이상 홀수년도 출생자
검진 항목 : 6대암 (위, 대장, 간, 유방, 자궁경부암, 폐암)
검진 비용 : 무료
검진 기관 : 관내 보령아산병원 등 17개 기관, 타 지역 암 검진 기관
※ 국가 무료 암 검진 대상자 (공단으로부터 '21년도 대상자로 통보받은 자)가
암 검진 후 암 진단시 치료비 지원 연계
관내 검진의료기관 현황
검 진기 관 명 전 화 번 호 암   검   진
위 암 간 암 대 장 암 유 방 암 자 궁
경 부 암 폐암
보령아산병원 041-930-5555 ○ ○ ○ ○ ○ ○
(신)제일병원 041-931-8330 ○ ○ ○ ○ ○
이성준내과의원 041-934-8550 ○ ○ ○
유내과의원 041-931-5888 ○ ○ ○
조진원내과의원 041-932-9990 ○ ○ ○
현대성모의과의원 041-935-8800 ○ ○ ○ ○ ○
보령연합내과의원 041-931-7582 ○  ○
임채남내과의원 041-935-7578 ○ ○ ○ ○ ○
대천방사선과의원 041-936-6565 ○ ○ ○ ○ ○
대천우리의원 041-935-1090 ○ ○ ○
속편한 최기원내과의원 041-934-8275 ○ ○ ○ ○
대천배방사선과의원 041-932-9777 ○ ○ ○ ○ ○
참 산부인과 041-936-9100    ○ ○
윤 산부인과 041-935-6232     ○
최정욱내과의원 041-931-0211 ○ ○ ○
중앙유병원 041-936-2222 ○ ○ ○ ○ ○ ○
위대항외과의원 041-936-1175 ○  ○
담당 부서 : 건강증진과 방문보건팀 이원희 041-930-5972

의료급여수급자 건강검진
기     간 : 연중
대     상 : 의료급여 수급권자 만 19세 ~ 만 64세 의료급여수급권자
검사항목: 문진표 작성 및 신체계측, 임상검사, 의사진찰 등
검진기관 : 관내 보령아산병원 등 15개 기관, 보건소, 타 지역 검진기관
담당부서 : 건강증진과 방문보건팀 이원희 041-930-5972   ​​​​
의료급여 생애전환기검진
기간 : 연중
대상 : 의료급여수급권자 만 66세 이상 의료급여수급권자
검사 항목: 문진표 작성 및 신체계측, 임상검사, 의사진찰 등
                  => 의료급여 수급자 중 암 진단 확진시 암 치료비 지원 연계
검진 기관 : 관내 보령아산병원 등 15개 기관, 타 지역 검진기관
담당 부서 : 건강증진과 방문보건팀 이원희 041-930-5972",brcn.go.kr/health/sub02_02_03.do
,,,,방역소독,보령시보건소 방역소독에 대해서 알려주세요,"보령시보건소 방역소독 방법은 뭐가 있나요?
보령시보건소 방역소독 담당부서 알려주세요","모기는 일본뇌염, 말라리아 등 감염병을 매개 · 전파하는 해충으로 방제를 위한 분무소독과 연막소독 등 효과적인 방법을 강구하고 있습니다.

방역소독 방법에는 분무소독과 연막소득 두가지 방법이 있습니다.
분무소독의 장점은
해충 서식지나 출현 장소에 직접 소독액을 살포,
접촉 작용하여 치사시킴으로써 살충효과가 큼
높은 열에 의한 살충제 입자 파괴가 없으므로 보다
좋은 구제 효과를 발휘함
연막 형성이 없으므로 차량이나 왕래하는 사람에게
교통상 불편을 초래하지 않음
소독 후 잔류기간 (7 ~ 10일)이 길어 효과적임

분무소독의 단점은
살포면적이 좁고 가시적 효과가 적음
연막소독의 장점 으로는
살포면적이 넓음
숲이 우거진 지역과 같이 공기의 흐름이 차단된
지역에서도 깊숙이 살충제 입자가 도달 함
밀폐된 곳에서도 적용할 수 있음
가시적 효과가 크다가 있습니다.

연무소독의 단점은
가열성, 휘발성이므로 살충제 일부가 파괴되어 약효
감소 및 대기오염을 유발할 수 있음
소독시간이 제한됨 (일몰 후, 일출 전)
연막 형성으로 교통의 흐름을 차단할 수 있습니다.

담당 부서 : 보건행정과 감염병관리팀 김현지 041-930-5922",https://www.brcn.go.kr/health/sub02_02_04.do
,,,,무료AIDS 검사,보령시보건소 무료AIDS 검사에 대해 알려주세요,"보령시보건소 무료AIDS 검사 기간은 언제인가요?
보령시보건소 무료AIDS 검사 대상은요?
보령시보건소 무료AIDS 검사 장소는?
보령시보건소 무료AIDS 검사방법은?","무료 AIDS 검사
기간: 연중
대상: 검사 희망자
장소: 보건소 건강상담실 →임상검사실
검진방법: 혈액검사
검사시기: 감염의심 행동 후 '12주 후'
담당 부서: 보건행정과 감염병관리팀  이서현 041-930-5923
에이즈 예방을 위한 3가지 약속
올바른 콘돔사용
조기검사
안전한 성관계",https://www.brcn.go.kr/health/sub02_02_05.do
,,,,성매개 감염병 검진,보령시보건소 성매개 감염병 검진이 뭐에요?,"보령시보건소 성매개 감염병 검진 항목은 뭐에요?
","▶ 정기건강진단 대상자는 정기적인 검사 실시로 감염병 조기 발견 및 치료하여 전파를 예방할 수 있습니다.

성매개감염병 및 후천성면역결핍증 건강진단규칙
성매개감염병 및 후천성면역결핍증
건강진단 대상자 건강진단 항목 및 횟수
매독검사 HIV검사 그 밖의 성매개감염병 검사
「청소년보호법 시행령」 제6조제2항 제1호에 따른 영업소의
여성종업원 1회 / 6개월 1회 / 6개월 1회 / 6개월
「식품위생법 시행령」 제22조제1항에 따른 유흥접객원 1회 / 3개월 1회 / 6개월 1회 / 3개월
「안마사에 관한 규칙」 제6조에 따른 안마시술소의 여성종업원 1회 / 3개월 1회 / 6개월 1회 / 3개월
특별자치도지사·시장·군수·구청장이 불특정 다수를 대상으로
성매개감염병 및 후천성면역결핍증을 감염시킬 우려가 있는
행위를 한다고 인정하는 영업장에 종사하는 사람 1회 / 3개월 1회 / 6개월 1회 / 3개월


검진희망자 성매개감염병 검진은 무료입니다.
검진항목 : HIV, 매독 ※ 임질, 클라미디아 검사는 여성만 가능
담당 부서 : 보건행정과 감염병관리팀 이서현 041-930-5923",https://www.brcn.go.kr/health/sub02_02_06.do
,,,관리,정신건강복지센터,보령시보건소 정신건강복지센터 프로그램은 어떤게 있나요?,"보령시보건소 정신건강증진사업 프로그램 알려줘
보령시 보건소 주간재활 그로그램운영에 대해 알려줘","주간재활프로그램 운영
성인 주간재활프로그램
운 영 기 간 : 2021. 3. ~ 12.
운 영 일 시 : 매주 수․목․금요일 10:30~14:30
장        소 : 보건소 정신건강복지센터
대        상 : 중증정신질환 진단자(첨부 참조) 중 희망자
※ GAF및 BPRS 평가시 기준점수 이상인 자
우울증환자 재활프로그램
운 영 기 간 : 년 2기 운영(상·하반기)
대        상 : 65세 이상 우울증 확진자 20명
장        소 : 보건소 정신건강복지센터
방        법 : 주 1회 재활프로그램운영(매주 월요일)
아동청소년 집단프로그램
운 영 기 간 : 연중
대        상 : 고위험군(한부모·조손가정·다문화가정 등)
장        소 : 보건소 정신건강복지센터
운 영 방 법 : 매주 금요일 16:00~17:00 운영
프 로 그 램 : 미술심리치료프로그램
직업재활 운영 지원
운 영 기 간 : 연중
대        상 : 등록회원 중 희망
우 선 순 위
주기적인 GAF 및 BPRS 평가시 기준점수 이상인자
보건소 프로그램 및 직업재활에 적극적인 자
운 영 방 법 : 전문기관 연계지원
가족 자조모임
운 영 기 간 : 연 4회(분기별 1회)
대        상 : 등록환자 및 가족
방        법 : 가족자치모임 및 내·외부 전문강사 활용
내        용
정신질환에 대한 이해 및 가족 내 의사소통 기술 습득
정신건강 정보 상호교환 및 갈등 극복사례 공유


정신건강증진사업
지역주민 정신건강교육
기          간 : 연중
대          상 : 지역주민, 정신질환자 및 가족
방          법 : 각종 보건교육 활용
내          용 : 스트레스 및 정신건강관리 교육
자원봉사자 교육
기          간 : 연 2회
대          상 : 중고등학생 자원봉사자, 자활후견인센터 자원봉사자 등
방          법 : 정신건강사업 소개, 주요 정신질환의 특성과 증상, 자원봉사자의 역할 등
내          용 : 자문의, 외래 전문강사 등
일반상담
기          간 : 연중
대          상 : 만 19세 이상 지역주민(질환자 및 가족 등)
방법 및 내용
지속 상담을 통한 연계처리
사정평가 도구를 활용한 전화 및 방문, 내소상담 등
응급상황 시 CTRS실시로 응급상황체계로 전환⇨응급개입
1차 사정평가 도구 : BDI, BAI, EPDS, GDS 15, ESI 등
2차 사정평가 도구 : CTRS 실시
직장인 정신건강사업
기        간 : 연중
대        상 : 소방서, 경찰서, 공무원 및 지역 내 사업체 근로자 등
추 진 방 법
사전검사 및 근무시간 고려한 맞춤식 프로그램 운영
내부 직원 및 전문 강사 의뢰 정신건강교육
내        용
사전·사후 검사: 우울증선별검사,스트레스검사, 마음건강척도 등
고위험군 사례관리 및 상담지원(9988!!정신건강상담) 연계
정신건강관리 프로그램 운영
중독사업(알코올 및 인터넷·스마트폰 중독예방)
기        간 : 연중
대        상 : 관내 유치부·초·중·고등학생
추 진 방 법
중독쳬해에 대한 인식개선을 위한 교육 및 캠페인
취약계층 대상 중독 문제 개입 및 정신건강 지원
중독예방 선별검사 체계구축
내        용
생애주기별 맞춤형 스마트폰 중독예방교육
AUDIT(알코올사용장애검사), KAPPI(청소년문제성음주선별검사)
검사 결과 고위험군 상담 및 치료 연계
읍·면·동 및 사회복지기관 의뢰 및 연계 예방교육, 치료 개입",https://www.brcn.go.kr/health/sub02_03_01.do
,,,,영유아/아동 건강관리,보령시보건소 영유아/아동 건강관리는 어떤것이 있나요,"보령시 영유아 검진기관 알려주세요
보령시 영유아 검진항목 알려주세요
보령시 영유아 검진 지원절차 알려주세요","영유아 건강검진
대         상 : 만 6세 미만 영 · 유아
※대상자는 국민건강보험공단에서 사전 안내 및 발송
검 진 기 관 : 소아청소년과 의원 3개소, 관내치과
번호

검진기관명
1. 명소아청소년과의원   041-936-7360
2. 문웅영 소아청소년과의원  041-933-5553
3. 허준 소아청소년과의원  041-936-7512

- 검진비 : 무료
- 치과검진 : 관내 치과 의료기관

검 진 항 목 : 5개 분야 21개 항목
검진항목 검진시기
                  4개월 9개월 18개월 30개월 42개월 54개월 66개월
문진 및 진찰   ＊     ＊       ＊       ＊       ＊       ＊       ＊
신체계측        ＊     ＊       ＊       ＊       ＊       ＊       ＊
발달평가 및 상담     ＊       ＊       ＊       ＊       ＊       ＊
건강
교육 안전사고
         예방     ＊     ＊       ＊       ＊       ＊       ＊       ＊
         영양     ＊     ＊       ＊       ＊       ＊       ＊       ＊
         수면     ＊
         구강             ＊
      취학전준비                                               ＊       ＊
구강검진                          ＊                 ＊       ＊

지 원 절 차
검진안내 및 독려(보건소 → 보호자) → 검진 및 결과 통보(검진의료기관) → 검진비용지급(국민건강보험공단) → 사후관리(보건소)

발달장애 정밀 진단비 지원
대         상 : 검진대상자 중 의료급여수급자와 건강보험료 하위50%이하 인자로 영유아 건강검진(발달평가)결과“심화평가 권고”로 통보된 대상
지 원 금 액 : 의료수급원자 최대 40만원, 건강보험 최대 20만
구 비 서 류 : 건강검진 진단결과 통보서, 진료비 영수증, 통장사본, 건강보험증 사본, 건강보험 납부확인서,진료 세부내역서
문         의 : 건강증진과 모자보건팀 이연일 041-930-5954",https://www.brcn.go.kr/health/sub02_03_02.do
,,,,임산부 건강관리,보령시 보건소 임산부건강관리 프로그램 알려주세요,"보령시보건소 임산부 건강관리의 날 운영에 대해 알려주세요
보령시보건소 임산부 출산준비교실 운영에 대해 알려주세요","건강관리의 날 운영
일시: 매주 수요일 실시 (09:00 ~ 18:00)
         매월 넷째주 토요일 (09:00 ~ 12:00 직장여성의 날 운영)
장소 : 보건소 임산부 관리실
대상 : 가임기 여성 및 임산부 (보령시 주소를 둔 임산부)
내용
가입기 여성 건강검진 및 엽산제 지원
임신부 등록 및 기초검사(체중, 혈압, 당·단백뇨 등)
임신부 영양제 및 출산용품 지원(엽산제, 철분제, 출산용품)
의뢰서 발급(임부초음파, 태아기형아 검사, 신생아 청각검사)
임산부 안전벨트 지원(20주 이후)
유축기 대여
출산준비교실 운영
기     간 : 3, 6 ,9, 11월 (분기별 1회/ 회별 5차 시)
장     소 : 보건소 회의실 2층
대     상 : 20주 이상 임산부 및 예비아빠
내     용
임신과 출산 자연분만법 등 단계별 교육
모유수유의 성공적 준비 등
부부가 함께하는 출산준비 교육
관련부서: 건강증진과 모자보건팀 최나영 041-930-6862
 ",
,,,,고혈압/당뇨 관리,보령시보건소 고혈압/당뇨 관리 프로그램 알려주세요,"보령시보건소 혈압관리 프로그램 알려주세요
보령시 보건소 당뇨관리 프로그램 알려주세요
보령시보건소 건강상담실에 대해 알려주세요","건강상담실 상시 운영
기간: 연중
대상: 고혈압, 당뇨병, 고지혈증 환자 및 가족, 지역주민 등
장소: 보건소 건강증진과 방문진료담당 (2층)
내용
혈압, 혈당, 콜레스테롤
개인별 보건교육 및 건강상담
당화혈색소 검사 (당뇨환자)
고혈압, 당뇨환자 합병증 검진 의뢰
미세단백뇨 검사 (신장질환 합병증 검사)
건강관리수첩 및 리플릿, 책자 등 유익한 건강정보 제공
담당 부서: 건강증진과 방문보건팀 신하은 041-930-5973",https://www.brcn.go.kr/health/sub02_03_04.do
,,,원격영상진료,원격영상진료,보령시 원격영상진료에 대해 알려줘,"보령시 원격영상진료에 대해 설명해줘
보령시 원격영상진료 도움이 되는 환자는?
보령시 원격영상진료가 좋은점이 뭔가요?","원격영상진료가 도움이 되는 환자
만성질환자
진료소에서 주기적으로 고혈압, 당뇨 약을 처방받는 환자
재진환자
협진 의료기관에서 진료를 받은 후 정기적 투약 및 진료상담이 필요한 환자
※ 의사의 직접적인 진료 (타진, 촉진 등)가 필요한 환자 제외
원격영상진료가 좋은 점 「우리동네 보건기관에서 의사 진료 처방 약수령까지」
시간 절감
멀리 있는 병원까지 오고 가는 시간 절감
가까운 보건기관에서 미리 예약을 하고 정해진 시간에 진료를 받을 수 있으므로 내 순서까지 기다리는 시간 절감
경비 절감
버스나 선박을 이용하는 비용 절감
섬에서 육지를 경유하여 원거리의 병원을 가는 경우 숙박비 절감",https://www.brcn.go.kr/health/sub02_04_01.do
,,,,진료기관,보령시 원격진료 진료기관 알려줘,"보령시보건소 원격영상진료 찾아오는 길 알려줘
보령시진료소 원격영상진료 하는 곳 알려줘",https://www.brcn.go.kr/health/sub02_04_02.do,https://www.brcn.go.kr/health/sub02_04_02.do
,,,사업안내_보건사업,금연사업,보령시보건소 금연사업에 대해 알고싶어요,"보령시보건소 금연클리닉 운영안내 알려줘
지역사회 중심 금연환경 조성에 대해 알려줘
전면금연 공중이용시설의 종류를 알려줘
","금연클리닉 운영 안내
기 간 : 연중 (월 ~ 금) 09:00 ~ 18:00
장 소 : 보건소 2층 금연클리닉실
대 상 : 금연을 원하는 흡연자
내 용
1:1 금연상담, 일산화탄소측정
금연보조제 지원, 금연성공자 기념품 제공 등
문 의 : 건강증진과 금연 클리닉실 김수진, 이유희 041-930-5970
지역사회 중심 금연환경 조성
우리 시 조례에 의한 금연구역 (2020.12. 기준)
구  분 도시공원 학교절대
정화구역 버스정류장 주유소 및
충전소 비  고
개소 수 47 85 106 63 흡연시 과태료 3만원 부과
전면금연 공중이용시설 (국민건강증진법 제9조)


구  분 절  대    금  연  구  역
정부 및 지방청사 청사 및 지방자치단체 청사
의료기관, 보건기관 의료기관, 보건소, 보건의료원, 보건지소
학교 「유아교육법」,「초 ㆍ 중등교육법」 및 「고등교육법」 에 의한 학교
청소년이용시설 청소년수련관, 청소년수련원, 청소년문화의집, 청소년특화시설, 청소년 야영장, 유스호스텔,
청소년이용시설 및 청소년활동시설
도서관 「도서관법」 에 따른 도서관
어린이놀이시설 「어린이놀이시설 안전관리법」 에 따른 어린이놀이시설
어린이집 「영유아보육법」 에 따른 어린이집
대규모 점포 대규모점포와 상점가중 지하도에 있는 상점가
공연장 객석수 300석 이상의 공연장
학원 연면적 1천 제곱미터 이상의 학원, 학교교과교습학원
체육시설 1천명이상의 관객을 수용할 수 있는 체육시설
사회복지시설 사회복지시설
교통시설 공항 ㆍ 여객부두 ㆍ 철도역 ㆍ 여객자동차터미널대합실 ㆍ 승강장, 지하보도,
16인승 이상의 유상교통수단
대형건물 연면적 1천제곱미터 이상의 사무용 건축물, 공장 및 복합용도의 건축물
관광숙박업소 관광숙박업소
목욕장 목욕장
어린이운송용
승합자동차 「자동차관리법」 에 따른 어린이 운송용 승합자동차
음식점 휴게음식점, 일반음식점 및 제과점 영업소 (모든 음식점으로 확대)
게임방, PC방
청소년게임제공업소, 일반게임제공업소, 인터넷컴퓨터게임시설제공업소 및 복합유통게임제공업소

실내체육시설
실내스크린골프장, 당구장, 수영장, 체육도장업(태권도장 등), 체력단련장업(헬스클럽 등)

과태료 부과기준 : 흡연 시 10만원 부과
공동주택 금연구역(국민건강증진법 제9조제5항)
구  분 금  연  구  역
금연아파트(2개소) 보령명천시티프라디움, 더베스트예미지아파트 내
복도·계단·엘리베이터·지하주차장
과태료 부과기준: 흡연 시 5만원 부과
금연관련 법령이행 지도점검
기          간 : 연중
점 검 대 상 : 공중이용시설 및 우리시 지정 금연구역
점 검 내 용 : 금연시설 법령이행 점검 및 흡연자 단속
문          의 : 건강증진과 건강증진팀 이수현 041-930-5964",https://www.brcn.go.kr/health/sub03_01_01.do
,,,,건강생활실천사업,보령시보건소 건강생활실천사업 어떤 종류가 있나요?,"보령시보건소 원스톱 건강증진센터 운영에 대해서 알려줘
보령시보건소 건강생활실천 프로그램 운영에 대해서 알려줘
지역사회 건강생활실천 환경조성에 대해서 알려줘","원스톱 건강증진센터 운영
기 간 : 연중
장 소 : 보건소 2층 건강증진센터
대 상 : 지역주민
내 용 : 체성분 측정 및 개인별 맞춤형 운동‧영양‧건강 상담 및 교육
문 의 : 건강증진센터 체육지도사 황인선, 영양사 김숙희 041-930-5980
건강생활실천 프로그램 운영
기 간 : 연중
대 상 : 지역주민
내 용
건강새싹 성장교실
찾아가는 건강지킴이 운영
도전! 비만탈출교실(연3기 운영)
걷강한 돌봄 놀이터 운영
다같이 걷자, 동네한바퀴
「갱년기, 뱃살 물럿거라」 프로그램
모바일 헬스케어 프로그램 운영
문 의 : 건강증진과 김보영 041-930-5961
지역사회 건강생활실천 환경조성
기 간 : 연중
내 용
모범음식업소 저염 환경 조성 교육 실시
저염 환경조성 캠페인 및 홍보
소규모노인복지시설(50인 아하) 식단 및 건강정보 제공
걷기 캠페인 운영
운동 건강정보 안내판 설치
절주 환경 조성 및 캠페인 홍보
문 의 : 건강증진과 김보영 041-930-5961",
,,,,구강보건사업,보령시보건소 구강보건사업 종류를 알려줘,"보령시보건소 구강보건사업 불소용액 양치사업 안내해줘

보령시보건소 구강보건사업 경로당 노인 구강건강관리 사업에 대해 알려줘

보령시보건소 구강보건사업 다문화 가정 맞춤형 구강건강관리 사업 추진에 대해 알려줘

보령시보건소 구강보건사업 학교 구강보건실 운영에 대해 알려줘

보령시보건소 구강보건사업 학교 미취학 어린이 구강건강관리에 ","불소용액 양치사업 안내
기 간 : 연중
대 상 : 지역주민
장 소 : 보건 (지)소  및 보건진료소, 민원실
내 용
충치 및 시린이 완화에 대한 불소용액 무료 제공
불소용액양치 방법 설명
문 의 : 건강증진과 구강보건실 표오순 041-930-5962
경로당 노인 구강건강관리 사업
기 간 : 2월 ~ 12월
장 소 : 경로당 및 마을회관
대 상 : 경로당, 마을회관 이용 어르신
내 용
올바른 구강건강생활 실천을 위한 구강건강 교육
불소용액 양치지도와 불소바니쉬 도포
틀니관리요령 및 사용방법 안내
문 의 : 건강증진과 건강증진팀 표오순 041-930-5962
다문화 가정 맞춤형 구강건강관리 사업 추진
기 간 : 7월 ~ 9월 (방학기간 활용)
대 상 : 보령시 거주 다문화 가족 중 희망자
장 소 : 보령시보건소 구강보건실
내 용
구강건강 실태조사, 스켈링, 불소비니쉬도포, 불소양치액 배부, 구강보건교육
충치치료 요하는 자는 치과실 연계 등
문 의 : 건강증진과 건강증진팀 표오순 041-930-5962
학교 구강보건실 운영
기 간 : 3월 ~ 12월 (방학 제외)
장 소 : 각 학교 구강보건실
대 상 : 관내 3개 초등학교 및 특수학교 1개(대천, 한내, 명천, 보령정심)
내 용
구강질병관리 업무 (치면세마, 유치발치 등)
구강건강증진업무 (개별 구강보건교육 및 구강건강에 관한 불소사업 활성)
문 의 : 건강증진과 건강증진팀 표오순 041-930-5962
미취학 어린이 구강건강관리
기 간 : 4월 ~ 11월 (방학 제외)
대 상 : 유치원 (병설), 어린이집
내 용
올바른 칫솔질 교육 및 불소바니쉬 도포, 불소용액 배부
문 의 : 건강증진과 건강증진팀 표오순 041-930-5962",https://www.brcn.go.kr/health/sub03_01_04.do
,,,,심뇌혈관질환예방사업,보령시보건소 심뇌혈관질환예방사업에 대해 알려주세요," 심뇌혈관질환예방이란?
지역사회 교육 홍보사업에 대해 알려줘
환자 조기 발견 사업에 대해서 알려주세요","심뇌혈관질환예방사업이란?
심뇌혈관질환자 조기 발견 및 관리를 통해 지역주민의 질병부담 감소, 건강수명 연장 도모

지역사회 교육ㆍ홍보 사업
심뇌혈관질환 예방관리를 위한 소그룹 교육
기 간 : 연중
장 소 : 보건소, 보건지소, 보건진료소​
대 상 : 고혈압, 당뇨, 고지혈증 환자 및 지역주민
내 용
사전 기초검진(혈압, 혈당 등) 및 건강상담, 이상자 등록관리
심뇌혈관질환 예방관리 교육 및 질환별 집중교육
문 의 : 건강증진과 방문보건팀 신하은 041-930-5973


지역사회 연계 보건교육
기 간 : 연중
장 소 : 노인복지관, 종교단체 등 지역사회 유관기관
대 상 : 지역주민
내 용
고혈압, 당뇨병에 대한 표준교육 실시(질병관리, 운동, 식이관리법 등)
심뇌혈관질환 예방관리 9대 수칙 및 건강생활 실천 교육
문 의 : 건강증진과 방문보건팀 신하은 041-930-5973
「내 혈관 숫자 알기」등 심뇌혈관질환 예방관리 홍보
기 간 : 연중
대 상 : 지역주민
장 소 ​: 사업장 및 재래시장, 다중이용시설
내 용
혈압, 혈당 측정 및 결과상담, 진료 연계 등
심뇌혈관질환 예방 및 관리수칙, 혈압, 혈당관리의 중요성 안내
심뇌혈관질환예방관리사업 안내, 지역사회 건강강좌 소개 등
신규 질환자 발굴을 위한 지역사회 연계 캠페인 전개
문 의 : 건강증진과 방문보건팀 신하은 041-930-5973
환자 조기 발견 사업
심뇌혈관질환 건강상담실 운영
기 간 : 연중
장 소 : 보건소 2층 건강증진과
대 상 : 만성질환자 및 지역주민
내 용
기초검진(혈압, 혈당) 및 1:1 건강상담
건강검진 이상자 및 만성질환 조기발견자 등록관리
심뇌혈관질환 예방관리교육 및 건강생활실천 안내
만성질환자 합병증 검진(내과, 안과) 및 건강검진 독려
만성질환자 합병증 조기검진사업
기 간 : 2~12월
대 상 : 보령시 30세 이상 고혈압·당뇨 환자 500명
검 진 항 목
내과(7종) 총콜레스테롤, HDL, LDL, 중성지방, 미세단백뇨, 당화혈색소, 두경부·경동맥 초음파
안과(5종) 세극동검사, 굴절검사, 안압검사, 정밀안저검사, 안저사진촬영",
,,,,방문건강사업,보령시보건소 방문건강사업에 대해서 알려주세요,"보령시보건소 방문건강사업이란?
방문 건강가꿈이 서비스사업이란?","방문건강사업이란?
의료 취약지 방문건강관리 서비스 기반을 구축하기 위해 방문건강관리 전담간호사와 보건지소, 보건진료소 보건담당자들이 지역을
분담하여 건강관리를 해드리고 있습니다.

방문 건강가꿈이 서비스사업
기 간 : 연중
대 상 : 건강문제가 있는 취약계층 (국민기초생활수급자, 차상위, 건강보험 하위 20%)
내 용
건강문제 스크리닝 : 건강문제 및 위험요인 파악 (기초검사 등)
건강행태개선 및 생애주기별 건강문제 관리
만성질환 및 합병증 예방 교육 및 검사
암으로 인한 증상 및 통증 조절을 위한 정보 제공
치매 진단검사 및 우울증 검사
노인 허약예방 건강관리 서비스 제공 (방문 및 전화서비스)
보건복지서비스 연계지원 : 가사간병서비스, 노인돌보미, 무료 이동목욕 등
방 법 : 군 분류별 방문서비스 제공
문 의 : 건강증진과 방문보건팀 강보라 041-930-5971",
,,,,치매관리사업,보령시보건소 치매관리사업에 대해 알려주세요,"보령시보건소 상담 및 등록관리알려줘
보령시보건소 치매조기검진사업 알려줘
보령시보건소 치매치료관리비 지원사업에 대해 알려줘
","상담 및 등록관리
기간 : 연중
장소 : 보령시 치매안심센터[대천로 119]
대상 : 60세이상 시민, 치매환자 및 가족
내용 : 치매조기검진, 치매치료관리비 및 간호용품 기자재 지원, 치매환자 인지재활(강화)프로그램 및 치매가족 지지프로그램 운영(가족교실, 자조모임), 치매환자 집중 사례관리, 실종예방 인식표 , 지문등록 및 화재예방 가스안전차단기 보급, 맞춤형 개별상담 등
문의 : 건강증진과 치매관리팀 이승덕 ☎041-930-6873, 6881 ~ 6882
치매조기검진사업
기간 : 연중(월 ~ 금) 09:00 ~ 18:00
장소 : 보건소 치매안심센터, 보건지소, 보건진료소
대상 : 60세 이상 시민 및 치매고위험자(독거노인, 75세이상 노인, 전년도 인지저하자 등)
검진내용 : 단계별 검진(선별 · 진단 · 감별검사 및 예방교육)
검항목 검진대상 검진장소 검진도구 및 내용 검진비 검진결과에 따른 조치
선별검사
(1단계) 60세이상 시민 치매안심센터 및
보건기관 등
인지선별검사
(K-CIST)
무료
인지저하 : 진단검사 실시
정상 : 1년 후 선별검사
진단검사
(2단계) 선별검사
결과
'인지저하'인 자
또는
인지저하의심군 치매안심센터
신경심리검사(CERAD-K)
치매임상평가
전문의 진찰
치매척도검사(GDS)
무료
정상 : 1년 후 선별검사
경도인지장애 : 1년 후 진단검사, 인지강화교실연계 및 정보제공
치매 : 감별검사 의뢰
감별검사
(3단계) 진단검사 결과 치매인 자 협약병원
(보령아산병원)
뇌영상 촬영(CT)
혈액검사
무료
결과안내 : 협약병원 진료의사가 직접 설명
치매 : 치매 지원서비스 안내
경도인지장애 : 1년 후 진단검사
인지강화교실 연계
정상 : 1년 후 선별검사 실시 치매예방교실 연계
문의 : 건강증진과 치매관리팀 임한옥 ☎041-930-6877, 6874
치매치료관리비 지원사업
기간 : 연중
대상 : 치매치료제를 복용 중인 보건소에 등록된 치매환자
지원금액 : 약제비 또는 진료비가 발생한 치매치료관리비 본인부담금: 월 3만원(연 36만원) 상한 내 실비지원
지원기준
㉮ 연령기준: 만 60세 이상인자
초로기 치매환자는 예외적으로 선정가능하나, 진단기준, 치료기준, 소득기준 반드시 충족
㉯ 진단기준: 상병코드 F00～F03, F10.7, G30, G31, G31.82으로 진단받은 치매환자
㉰ 치료기준: 치매치료약 처방전 사본, 영수증기준으로 치매치료제 성분이 포함된 약을 처방받은 경우
㉱ 소득기준: 기준 중위소득 120% 이하인 경우
의료급여수급자: 소득기준 충족
건강보험가입자: 건강보험료 본인부과액 기준 이하인자
2021년도 치매치료관리비지원 대상 건강보험료 본인부과액기준 적용(단위:원)
가구
원수 1인 2인 3인* 4인 5인 6인 7인 8인 9인
직장
가입자 75,224 128,342 165,968 203,558 237,681 278,094 321,769 354,781 380,152
(83,890) (143,127) (185,088) (227,008) (265,062) (310,130) (358,837) (395,652) (423,946)
지역
가입자 30,663 117,560 168,444 216,474 259,446 309,041 356,168 393,994 420,252
(34,195) (131,103) (187,849) (241,412) (241,412) (289,334) (397.199) (439,382) (468,665)* ( ) 안은 노인장기요양보험료 포함 금액
※ 대상자 선정 제외: 보훈대상자의료지원, 의료급여자 중복지원자, 긴급복지의료지원자
※ 장애인 의료비 지원대상자: 진료비를 제외한 약제비만 지원
⇒ 지원대상 선정 제외자가 중복 지원 확인 시 환수조치

신청절차
신청절차

선정 제외 및 중복지원 제외 기준
대상자 선정 제외: 보훈대상자 의료지원
ㆍ‘국가유공자증’ 또는 ‘보훈대상자 확인원’을 통해 신분확인
중복지원 제외 : 하단의 사업 대상자
① 의료급여본인부담금 상한제
② 의료급여본인부담금보상제
③ 긴급복지의료지원
④ 장애인 의료비 지원대상자 : 진료비를 제외한 약제비에 대해서만 지원(약국 처방·조제에 한함)
제출서류 및 구비서류(①②는 병원에서 받아올 서류)
① 진단서 또는 소견서(GDS 및 CDR점수 기재)
② 치매약 처방전(치매코드번호 기재)
③ 통장사본
④ 치매치료관리비 지원신청서
⑤ 행정정보 공동이용 사전동의서
⑥ 개인정보 수집 및 이용·제공동의서
제출서류 및 구비서류(①②는 병원에서 받아올 서류)
① 진단서 또는 소견서(GDS 및 CDR점수 기재)
② 치매약 처방전(치매코드번호 기재)
③ 통장사본
④ 치매치료관리비 지원신청서
⑤ 행정정보 공동이용 사전동의서
⑥ 개인정보 수집 및 이용·제공동의서
문의 : 건강증진과 치매관리팀 이인애 ☎041-930-6873, 6881 ~ 6882
치매환자 및 가족을 위한 프로그램 운영
치매인지재활프로그램 운영(기억쏙쏙 건강팔팔)
기간 : 연중 (매주 월ㆍ화ㆍ수요일) 09:00 ~ 12:00
장소 : 보령시 치매안심센터 [대천로 119]
대상 : 치매경증환자
내용
인지재활프로그램(인지학습지)
인지자극프로그램(음악, 미술, 공예, 체조 등)
문의 : 건강증진과 치매관리팀 박지수 ☎041-930-6872
치매인지강화프로그램 운영(기억똑똑똑)
기간 : 연중 (매주 목요일) 09:00 ~ 12:00
장소 : 보령시 치매안심센터 [대천로 119]
대상 : 경도인지장애 등 치매고위험군
내용
인지재활프로그램(인지학습지)
인지자극프로그램(음악, 미술, 공예, 체조 등)
문의 : 건강증진과 치매관리팀 권현진 ☎041-930-6878
치매가족 “헤아림 교실” 및 자조모임 운영
기간 : 가족교실(분기별/8회기), 자조모임(월1회 운영)
장소 : 보령시 치매안심센터 [대천로 119]
대상 : 치매가족이면 누구나
내용 : 치매에 대한 올바른 이해 및 정보제공으로 부양에 따른 갈등과 부담 완화
문의 : 건강증진과 치매관리팀 하미영 ☎041-930-6883
치매안심마을 운영
기간 : 4월 ~9월
대상 : 보령관내 치매안심마을 선정 대상 지역주민
내용 : 치매예방교실(교육․미술․체조․노래) 및 선별검사
문의 : 건강증진과 치매관리팀 하미영 ☎041-930-6883
치매 인식개선 교육 및 홍보
치매 극복의 날 행사
기간 : 9월 중
대상 : 일반 시민, 치매환자 및 가족
내용 : 치매 올바른 이해 및 인식개선 특강 및 부대행사
치매예방 교육 및 홍보
기간 : 연중
장소 : 보령시 일원(경로당, 노인대학, 복지관 등)
대상 : 일반 시민
내용 : 치매 올바른 이해 및 인식개선 특강
방법 : 희망 기관단체에서 보건소에 교육 신청
기관 교육장소서 교육자료 PPT 자료 활용하여 시청각 교육
1899-9988 치매상담콜센터 운영
기간 : 연중(365일 24시간 운영)
대상 : 시민 누구나
내용
치매원인질병, 증상 및 치료, 치매예방방법, 치매지원서비스, 정부정책 등
치매환자 케어기술, 간병부담, 환자가족의 정서적 지지, 간병 스트레스 관리 등
기타 상담 치매유병률 등
치매 파트너 양성, 치매극복 선도단체 지정 사업
기간 : 연중
대상 : 지역주민대상, 단체 / 치매안심센터 또는 외부 출장강연
파트너 역할 : 치매예방 캠페인, 치매극복의 날, 치매극복걷기대회, 치매가정환경수정사업, 인지자극프로그램, 운동프로그램 등 참여
문의 : 건강증진과 치매관리팀 윤수정 ☎041-930-6876
치매예방교실 운영
기간 : 연중
대상 : 60세 이상 대상자
내용 : 치매파트너교육, 다양한 인지프로그램 적용
치매안심마을 운영
기간 : 4월 ~9월
대상 : 보령관내 치매안심마을 선정 대상 지역주민
내용 : 치매예방교실(교육․미술․체조․노래) 및 선별검사
문의 : 건강증진과 치매관리팀 변지연 ☎041-930-6876",
,,,,정신건강증진사업,보령시보건소 정신건강증진사업은 어떤종류가 있어요?,"보령시보건소 정신건강증진사업 프로그램 알려줘
보령시보건소 정신건강증진사업  중증정신질환자 지역사회 통합에 대해 알려줘
보령시보건소 중독예방사업에 대해 알려줘","시민 정신건강증진
사업기간 : 연중
대     상 : 지역주민
내     용
정신건강 인식개선을 위한 캠페인 및 정신건강교육
지역 내 기관과 연계한 정신건강문제 조기발견 및 조기개입
정신건강 취약계층 관리를 위한 정신건강문제 선별검사
아동청소년 정신건강사업
청장년 및 노인 정신건강 지원
담당부서 : 건강증진과 정신건강팀 송미현 041-930-5978


중증정신질환자 지역사회 통합
사업기간 : 연중
대     상 : 지역주민
내     용
병의원, 학교 등과 연계한 초발정신질환자 발견 및 지원
중증, 만성질환자 사례관리 및 지원
정신장애인 동료지원가 활동지원『회복과정을 경험한 정신장애인이 다른 동료 정신장애인의 회복을 돕고 지지하는 활동』
정신건강심사위원회 운영
담당부서 : 건강증진과 정신건강팀 백대현 041-930-5992


중독예방사업
사업기간 : 연중
대     상 : 지역주민
내 용
스마트폰(SNS, 게임) 중독 예방교육
청소년 음주예방교육
청장년층 음주폐해 예방교육 및 치료개입
취약계층대상 알코올중독 예방사업
담당부서 : 건강증진과 정신건강팀 송미현 041-930-5978",
,,,,모자보건사업,보령시보건소 모자보건사업은 어떤 종류가 있어요?,"보령시보건소 모자보건사업 중가임기 여성(신혼부부) 임신 전 건강증진 사업에 대해 설명해줘

보령시보건소 모자보건사업 중 건강관리의 날 운영에 대해 설명해줘

보령시보건소 모자보건사업 출산준비교실 운영에 대해 설명해줘
보령시보건소 모자보건사업 중 저소득층 기저귀·조제분유 지원사업에 대해 설명해줘
보령시보건소 모자보건사업 중 산모신생아 건강관리 지원사업에 대해 설명해줘
","가임기 여성(신혼부부) 임신 전 건강증진 사업
기간 :연중
장소 : 보건소 1층 임산부 관리실
대상 :보령시에 주소를 둔 가임기여성, 남성
검진항목:콜레스테롤, 혈액형검사, B형간염검사, 빈혈검사, AIDS검사, 풍진검사 등
내용 : 건강검진, 풍진예방접종, 엽산제 지원(3개월분) 및 임신테스트기 지원(1회)
비용 : 무료(신분증 지참)
문의 : 보건소 모자보건팀 황영숙 930-6861
건강관리의 날 운영
일시: 매주 수요일 실시 (09:00 ~ 18:00)
매월 넷째주 토요일 (09:00 ~ 12:00 직장여성의날 운영)
장소 : 보건소 임산부 관리실
대상 : 가임기 여성 및 임산부 (보령시 주소를 둔 임산부)
내용
가임기 여성 건강검진 및 엽산제 지원
임신부 등록 및 기초검사(체중, 혈압, 당·단백뇨 등)
임신부 영양제 및 출산용품 지원(엽산제, 철분제, 출산용품)
의뢰서 발급(임부초음파, 태아기형아 검사)
임산부 안전벨트 지원
유축기 대여
문의 : 보건소 모자보건팀 황영숙 930-6861
출산준비교실 운영
기간:3, ,6 ,9, 11월 (분기별 1회/ 회별 5차 시)
장소:보건소 회의실 2층
대상 : 20주 이상 임산부 및 예비아빠
내용
임신과 출산 자연분만법 등 단계별 교육
모유수유의 성공적 준비 등
부부가 함께하는 출산준비 교육
문의 : 보건소 모자보건팀 최나영 930-6862
저소득층 기저귀·조제분유 지원사업
기간 : 연중
대상
기저귀 : 기초생활보장·차상위계층·한부모가족 자격보유 및 건강보험기준 중위 소득 80%이하의 장애인 가구 및 다자녀(2인 이상)가구의 0∼24개월 영아
조제분유 : 산모가 질병·사망으로 모유수유가 불가능한 경우
내용
기저귀 : 정액 월 64천원
조제분유 : 정액 월 86천원
구비서류 : 자격확인서(기초생활보장, 차상위계층, 한부모가구), 주민등록등본, 건강보험카드, 건강보험납부확인서
문의 : 보건소 모자보건팀 황영숙 930-6861
산모신생아 건강관리 지원사업
기간:연중
대상 :보령시에 주소를 둔 모든 출산가정
내용
산모신생아 건강관리사가 일정기간 출산가정을 방문하여 산후관리 및 신생아 건강관리 등 서비스 제공 ※ 본인부담금 90%지원(최대 40만원)
구비서류 : 주민등록등본, 건강보험 자격확인서, 건강보험료 납부확인서 각 1부
문의 : 보건소 모자보건팀 황영숙 930-6861",
,,,,아토피천식예방사업,보령시보건소 아토피천식예방사업에 대해 알려주세요,"아토피ㆍ천식  환아관리 및 의료비지원 안내해주세요

","아토피ㆍ천식  환아관리 및 의료비지원 안내
아토피 환아 보습제 지원
신청대상 : 아토피 피부염으로 진단 받은 만 12세 이하 환아
구비서류 : 주민등록등본, 아토피 질병 코드가 들어간 진단서 또는 소견서(L20, H21.4, H26.7 등)
아토피 · 천식 환아 의료비 지원
신청대상 : 기준 중위소득 80% 이하 가구의 만 12세 이하 환아
내 용 : 연 20만원까지 지원(의료비 및 약제비)
구비서류
주민등록등본
진료비 및 약제비 영수증
처방전
진료비 세부내역서
건강보험자격확인서, 건강보험납부확인서
통장사본
질병코드가 포함된 진단서나 소견서(L20, H21.4, H26.7, J45, E04.1 등)
문 의 : 건강증진과 모자보건팀 최나영 041-930-6862",
,,,,영양플러스사업,보령시보건소 영양플러스사업에 대해 알려주세요,임산부‧영유아 영양플러스 사업에 대해 설명해줘,"임산부‧영유아 영양플러스 사업
모집시기: 3, 6, 9, 12월(년 4회)
신청대상 : 기준 중위소득 80% 이하의 영유아 및 임산부
지원기준
무료대상자(100% 지원) : 기준 중위소득 65% 이하인 자
자부담대상자(90% 지원) : 기준 중위소득 65~80% 이하인 자(10% 본인부담)
선정기준 : 빈혈, 저체중, 성장부진, 영양섭취상태 불량 중 한 가지 이상의 영양위험요인 보유자
지원내용
교육 및 상담 : 월 1회 이상 참여 (단, 3회 이상 정기교육 불참 및 자부담 미납 시 식품 지원 중단)
가정방문 상담을 통해 영양관리 상태 점검 및 영양지도
식품패키지 보충식품 제공(월 2회)/최소 6개월~최대 1년동안 지원
구비서류
주민등록등본
건강보험자격확인서
건강보험 납부확인서
문 의 : 건강증진과 모자보건팀 이경선 041-930-6864",
,,,,검진사업,보령시보건소 검진사업은 뭐가 있나요?,보령시보건소 검진사업 알려줘,"암 검진 사업
기 간 : 연중
대 상 : 만 40세 이상 의료급여수급권자 및 건강보험 하위 50% 홀수년도 출생자 ※자궁경부암: 만 20세 이상 홀수년도 출생자
검 진 항 목 : 6대암(위암, 간암, 대장암, 유방암, 자궁경부암, 폐암)
검 진 기 관 : 관내 보령아산병원 등 17개 기관, 타 지역 암검진 기관
문 의 : 건강증진과 방문보건팀 이원희 041-930-5972
관 내 검 진 의 료 기 관 현 황
의료급여수급권자 건강검진
기간 : 연중
대상 : 의료급여수급권자 만 19세 ~ 만 64세 의료급여수급권자
검 사 항 목
1차검진 :문진표 작성 및 신체계측, 임상검사, 의사진찰 등
2차검진 :1차 검진 결과상담, 고혈압ㆍ당뇨질환 의심자 재검사 등
검 진 기 관 : 관내 보령아산병원 등 15개 기관, 보건소, 타 지역 검진기관
문의 : 건강증진과 방문보건팀 이원희 041-930-5972
의료급여 생애전환기검진
기간 : 연중
대상 : 의료급여수급권자 만 66세 이상 의료급여수급권자
검 사 항 목
1차검진 :문진표 작성 및 신체계측, 임상검사, 의사진찰 등
2차검진 :1차 검진 결과상담, 고혈압ㆍ당뇨질환 의심자 재검사 등
검 진 기 관 : 관내 보령아산병원 등 15개 기관, 타 지역 검진기관
문의 : 건강증진과 방문보건팀 이원희 041-930-5972
영유아건강검진
검 진 대 상 : 만6세미만, 영 · 유아
검 진 기 간 : 만4개월, 9개월, 18개월, 30개월, 42개월, 54개월, 66개월 (건강검진 7회, 구강검진 3회 총 10회 실시)
구 분 주 기 검 진 항 목
1차 4 ~ 6개월 문진 및 진찰, 신체계측, 건강교육
2차 9 ~ 12개월 문진 및 진찰, 신체계측, 건강교육, 발달선별검사 및 상담, 건강교육
3차 18 ~ 24개월 문진 및 진찰, 신체계측, 건강교육, 발달선별검사 및 상담, 건강교육 , 구강문진 및 진찰, 구강보건교육
4차 30 ~ 36개월 문진 및 진찰, 신체계측, 건강교육, 발달선별검사 및 상담, 건강교육
5차 42 ~ 48개월 문진 및 진찰, 신체계측, 건강교육, 발달선별검사 및 상담, 건강교육 , 구강문진 및 진찰, 구강보건교육
6차 54 ~ 60개월 문진 및 진찰, 신체계측, 건강교육, 발달선별검사 및 상담, 건강교육 , 구강문진 및 진찰, 구강보건교육
7차 66 ~ 71개월 문진 및 진찰, 신체계측, 건강교육, 발달선별검사 및 상담, 건강교육
검 진 기 관 : 국민건강보험공단 지정 의료기관
관내 의료기관
검 진 기 관 명 전 화 번 호 비 고
김소아청소년과의원 041-935-5840 구강검진 관내치과의원
명소아청소년과의원 041-936-7360 구강검진 관내치과의원
문웅영 소아청소년과의원 041-933-5553 구강검진 관내치과의원
허준 소아청소년과의원 041-936-7512 구강검진 관내치과의원
명천 가정의원 041-935-4232 구강검진 관내치과의원
검 진 비 용 : 무료
영유아 발달장애 정밀검사비 지원사업
대 상 : 검진대상자 중 의료급여수급자, 차상위계층과 건강보험료 하위 50%이하 인자로 영유아 건강검진(발달평가)결과
""심화평가 권고""로 통보된 대상
지 원 금 액 : 의료수급권자, 차상위계층 최대 40만원, 건강보험 하위 50%이하 최대 20만원
구 비 서 류: 건강검진 진단결과 통보서, 발달장애 정밀검사 결과통보서, 진료비 영수증, 진료세부내역서, 통장사본, 건강보험증 사본, 건강보험료 납부확인서, 의료급여수급자·차상위계층 증명서(대상자 제출)
문 의 : 건강증진과 모자보건팀 이연일 041-930-5954    ",
,,,,감염병예방관리,보령시보건소 감염병예방관리는 어떤것이 있나요?,,"감염병환자 입원치료 대상
근거법령 : 「 감염병의 예방 및 관리에 관한 법률 」 제41조 제1항에 따른 감염병관리기관에서 입원치료를 받아야 하는 감염병의 종류

접촉 입원치료 대상
제 1군 감염병
제 2군 감염병 중 폴리오
제 3군 감염병 중 탄저균
제 4군 감염병
호흡기 입원치료 대상
제 2군 감염병 중 홍역, 디프테리아
제 3군 감염병 중 결핵, 성홍열, 수막구균성수막염
제 4군 감염병 중 중동호흡기후군(MERS), 신종인플루엔자, 생물테러감염병 중 페스트,
바이러스성 출혈열(마버그열, 에볼라열, 라싸열), 두창
감염병 입원치료대상 선정기준
1군 감염병 : 법정감염병 진단 · 신고기준에 따라 환자, 의사환자, 병원체 보유자로 진단된 경우
디프테리아 : 디프테리아 실험실적 확진환자 및 의사환자
홍역 : 의사환자 또는 실험실적 확진환자 및 역학적 확진환자
폴리오 : 폴리오 실험실적 확진환자 및 의사환자
탄저, 페스트, 보툴리눔독소증, 두창, 바이러스성출혈열 : 환자 및 의사환자
중증급성호흡기증후군 환자 및 의사환자
동물 (조류) 인플루엔자 인체감염증 및 의사환자(필요시)
중동호흡기증후군(MERS) : 환자 및 의사환자
질병관리본부장이 정하는 기간동안의 신종인플루엔자 환자 및 의사환자
담당자 : 보건행정과 감염병관리팀 이상미 041-930-5924
국가결핵관리 사업 관련 의료비지원 안내
지원기간 : 연중
지원대상
보령시거주 결핵환자 (주민등록상 거주지)
의료기관에서 진료받고 있는 호흡기결핵환자의 밀접접촉자 (가족 및 동거인 등)
지원내용
결핵환자 진료비 지원
본인 부담금 10% 중 1 / 2 지원 (의료기관에서 결핵 진료비 수납 시 적용)
입원명령으로 입원한 결핵환자의 입원비 및 저소득 부양가족 생계비
입원비 지원
법정 본인부담금 전액지원 (국민건강보험공단위탁시행) 및 비급여 본인부담금 일부지원 (최소100만원 ~ 최대500만원)
부양가족 생계비
입원명령 실시 후 비급여 항결핵제를 처방한 날로부터 최대 2년까지 지원 가능
의료기관 결핵환자 접촉자 검진비 지원
의료기관에서 발견된 결핵환자 밀접접촉자에 대한 결핵검진 및 잠복 결핵 감염 검진 비용 지원 (국민건강보험공단위탁시행)
담당자 : 보건행정과 감염병관리팀 이서현 041-930-5923
예방 관리
환자 조기 발견
호흡기계통의 증상이 있는 사람 (2주 이상 기침)
결핵환자와 동거 및 동거하였던 사람
민간 병의원에서 결핵 유소견자로 통보 받은 사람
결핵 고위험군 : 당뇨, 알코올 중독, HIV 감염자 등
환자 치료
환자 상태에 따라 투약기간은 달라지며 비용은 무료입니다.
결핵은 조기 발견이 중요하며 투약 후 2주가 지나면 전염력은 없습니다.
담당자 : 보건행정과 감염병관리팀 이서현 041-930-3406
감염인 의료비 지원안내
지원대상 : HIV(후천성 면역 결핍 바이러스)항체 양성자
지원절차
의료기관(감염내과)에서 치료제투약 등에 따른 진찰료, 검사료 및 에이즈 관련된 질환으로 진료를 받은 경우 영수증 원본 및 통장사본제출 -> 심사 후 지원 (진료비보험급여분의 본인부담분 지급)
감염인이 진료비 본인부담이 곤란한 경우 병원에 후불청구 협조요청
담당자 : 보건행정과 감염병관리팀 이서현 041-930-3406
한센병환자 의료비 지원사업 안내
지원대상 : 재가한센병치료 등록 관리자
한센병 양노자 생계비지원
한센대상자 중 기초생활보장수급자에서 제외된 자로서 실제 생계유지가 어려운자에 대하여 생계비를 지원 (최저생계비 150%인 자)
한센병환자 진료지원
재가 환자가 보건소 내소 진료시 지급되는 교통비 및 중식비 지원
(한센병환자의 기능회복 및 진료비 제공으로 적극적인 검진 및 진찰을 도모 위함)
담당자 : 보건행정과 감염병관리팀 이서현 041-930-3406
장기기증 희망자 및 기증자에 대한 예우 안내
지원부서 지원내용 감면액 예우대상
보건소 진료비 중 본인부담금 감면 1회 1,100원 기증자 및 기증등록자
산림공원과 모란공원 사용료 감면 1,691,226원
(18평에 한함) 장기기증자
(기증 사실 증명 서류)
성주산 자연휴양림 입장료 면제 일반 1,000원 장기 기증등록자
시설관리 사업소 석탄박물관 관람료 면제 1회 1,000원 기증자 및 기증등록자
국민체육센터 이용료 50% 감면 1일 1,750원 기증자 및 기증등록자
담당자 : 보건행정과 의약팀 강윤정 041-930-5933
영유아 예방접종
지원기간 : 연중(09:00 ~ 15:00)
대상 : 만 12세 이하 어린이
장소 : 보건소 및 보건지소
준비물 : 영유아 예방접종수첩
국가예방접종
국가에서 권장하는 예방접종으로 결핵 (BCG [피내용] ), B형간염, 디프테리아 / 파상풍 / 백일해 (DTaP, Td / Tdap),
폴리오 (IPV), b형헤모필루스 인플루엔자 (Hib), DTaP-IPV, DTaP-IPV/Hib, 폐렴구균 (PCV), 홍역 / 유행성이하선염 / 풍진 (MMR), 수두,
일본뇌염 (사백신, 생백신), A형간염, HPV(인유두종바이러스), 인플루엔자는 보건소와 의료기관에서 접종 가능합니다.
기타예방접종
국가예방접종 이외 의료기관에서 접종가능한 예방접종으로 결핵 (BCG [경피용]), 로타바이러스, 인유두종바이러스가 있습니다.
담당부서 : 보건행정과 감염병관리팀 김영서 041-930-5925
성인예방접종
접종대상 및 시기
접종명 접종대상 접종간격 접종시기 접종비
B형간염
B형간염 항체가 없는 미접종자
B형간염 보균자와 밀접하게 접촉하는
사람
0, 1, 6 개월 3회 접종
연중 유료 1회 : 4,000원
장티푸스
장티푸스가 유행하는 지역 (동남아시아, 인도, 중동, 중남미, 아프리카) 으로
여행하는 사람 및 체류자
장티푸스 보균자와 밀접하게 접촉하는
사람
3년마다 접종
연중 무료
신증후군 출혈열
신증후군출혈열에 감염이 가능한 환경에서 일하는 자
기초접종 : 1개월 간격으로 2회 접종 / 12개월 후 추가 접종
연중 무료
인플루엔자
무료대상자
65세 이상 노인, 생후6개월~12세 어린이, 임신부, AI 대응요원
국민기초생활보장수급자
1~3급 장애인, 보훈대상자
(국가유공자, 고엽제환자, 참전유공자)
유료대상자 : 접종희망자
생후 36개월 이상
첫해 4주 간격으로 2회
매년 1회 접종
10월
~
12월 무료
폐렴구균
만 65세이상
1회 접종
연중 무료
담당부서 : 보건행정과 감염병관리팀 김영서 041-930-5925
B형간염 주산기감염 예방사업
B형간염 주산기감염 예방사업이란?
2002년부터, B형간염 산모로부터 태어난 신생아의 주산기감염을 예방하기 위해 국가가 예방처치 비용을 지원하는 사업입니다.
B형간염 주산기감염 예방사업의 필요성
주산기감염 위험이 높은 HBsAg 양성 산모로부터 태어난 신생아에게 B형간염 백신을 단독 사용하는 경우 75~80%가 예방되고
B형간염 면역글로불린과 예방접종을 동시 시행하는 경우 97%까지 예방 가능합니다.
지원내용
구분 출생 직후 생후 1개월 생후 2개월 생후 9 ~ 15개월
지원내용 면역글로불린 &
B형간염 1차접종 B형간염 2차접종 B형간염 3차접종 항원 · 항체검사
※ 예방접종 도우미(https://nip.cdc.go.kr/)",https://www.brcn.go.kr/health/sub03_01_12.do
,,,,자살예방사업,보령시보건소 자살예방사업은 무엇이 있나요?,보령시보건소 자살예방사업 알려줘,"
① 자살고위험군 등록 및 사례관리

    ● 기 간: 연 중

    ● 대 상: 자살시도자 및 선별검사 고득점자

    ● 내 용: 가정방문, 심층상담, 지역사회 및 치료연계

    ● 방 법: 지역사회 유관기관 연계



② 우울증 조기검진 및 생명사랑교육 및 홍보

    ● 기 간: 연 중

    ● 대 상: 지역 주민(청소년, 군장병, 어르신등)

    ● 내 용

        - 우울증, 스트레스, 자살척도 검사

        - 자살예방의날 캠페인 개최

        - 생명사랑교육 및 치료비 지원 등 보건사업 홍보

    ● 문 의: 건강증진과 정신보건팀 강공선 041- 930-5991



③ 생명사랑・행복마을 운영

    ● 기 간: 1월~3월 / 10월~12월

    ● 대 상: 30개 행복경로당(지소진료소별 행복경로당)

    ● 내 용

        - 우울증 조기검진 및 보건사업 홍보

        - 고위험군 조기 발견 및 치료연계

        - 건강체조, 노래교실, 웃음치료 등 신체 및 정신건강프로그램 운영

    ● 인 력: 보건소 내 전문인력 및 외부강사 등



④ 멘토링 사업

    ● 기 간: 연 중

    ● 대 상

        - 멘티 : 자살고위험자(우울증환자, 자살시도자, 유가족, 독거노인등)

        - 멘토 : 자원봉사자, 정신건강증진센터 전담인력 등

    ● 내 용: 규칙적이고 지속적인 1:1 말벗서비스, 상담, 유관기관 서비스연계 등

    ● 방 법: 보건기관 및 자원봉사센터 연계 추진



⑤ 마음톡톡 정신건강상담교실 운영

    ● 기 간: 연 중

    ● 대 상: 자살고위험자, 우울증 의심자

    ● 내 용

        - 자살고위험자에 대한 정신과전문의 전문상담 및 치료연계

        - 자살고위험자 사례관리를 위한 집단사례회의 실시

    ● 방 법: 정신과전문의를 활용한 개별 심층상담

    ● 문 의: 건강증진과 정신보건팀 강공선 041- 930-5991

 ",https://www.brcn.go.kr/health/sub03_01_14.do