대분류,중분류_1,중분류_2,소분류_1,소분류_2,대표질문,유사표현,답변,답변 출처 (URL),
분야별 정보,복지/보건,복지정보,사회복지,국민기초생활보장사업_일반,국민기초생활보장사업이 뭐에요?,"국민기초생활보장사업 지원대상이 알고싶어요 
","[사업안내]
’15.7.1 맞춤형 기초생활보장제도 시행으로 수요자 중심의 맞춤형 복지, 일하는 복지, 효율적인 복지로 급여 항목별 체계적인 지원을 통해 더! 많은 분들에게 꼭 ! 필요한 도움을 드립니다.

[지원대상]
소득인정액 기준과 부양의무자 기준 동시 충족자 (소득인정액 = 소득과 재산을 소득으로 평가‧환산한 금액)",https://www.brcn.go.kr/welfare/sub01_01.do,
,,,,국민기초생활보장사업_급여별 선정기준,국민 기초 생활보장사업 급여별 선정기준을 알려주세요,"국민 기초 생활보장사업 급여별 선정기준이 뭐야?
부양의무자 기준은 뭐에요?
부양의무자의 범위를 알려주세요","[급여별 선정기준(단위:원/월)]
**표**
구분 1인가구 2인가구 3인가구 4인가구 5인가구
기준중위소득 1,672,105 2,847,097 3,683,150 4,519,202 5,355,254
생계(중위소득 30%) 501,632 854,129 1,104,945 1,355,761 1,606,576
의료(중위소득 40%) 668,842 1,138,839 1,473,260 1,807,681 2,142,102
주거(중위소득 43%) 719,005 1,224,252 1,583,755 1,943,257 2,302,759
교육(중위소득 50%) 836,053 1,423,549 1,841,575 2,259,601 2,677,627

* 중위소득이란? 전국의 모든가구를 소득별로 순위를 매겼을 때, 한가운데 위치하는 가구의 소득을 말합니다.

-부양의무자 기준은 부양의무자가 없거나, 부양의무자가 있어도 부양능력이 없거나 부양을 받을 수 없는 경우를 말합니다.
-부양의무자의 범위: 수급권자의 1촌 직계혈족 및 그 배우자입니다. (다만, 배우자가 사망한 경우 사위·며느리·계부·계모는 제외)",https://www.brcn.go.kr/welfare/sub01_01.do,
,,,,국민기초생활보장사업_급여별 지원내용,국민기초생활보장사업 알려주세요,"국민기초생활보장사업 생계급여 지원내용 알려줘
국민기초생활보장사업 의료급여 지원내용 알려줘
국민기초생활보장사업 주거급여 지원내용 알려줘
국민기초생활보장사업 임차가구 지원내용 알려줘
국민기초생활보장사업 교육급여 지원내용 알려줘
국민기초생활보장사업 교육급여 문의번호 알려줘","[생계급여]
일상생활에 기본적으로 필요한 생계비 지원으로 가구별 생계급여 선정기준액에서 소득인정액을 뺀 금액을 현금으로 지원

[의료급여]
질병, 부상, 출산 등의 상황에서 필요한 의료서비스를 낮은 본인 부담으로 이용하실 수 있습니다.
(생계.의료 문의: 보건복지콜센터 129)

[주거급여]
임차 가구는 전‧월세 비용을 지원, 자가 가구는 낡은 집을 고쳐드립니다.(주거급여 문의: 주거급여 콜센터 1600-0777)
*임차가구: 기준 임대료를 상한으로 실제 전‧월세비용 지원

[교육급여]
아이들이 열심히 공부할 수 있도록 입학금, 수업료, 학용품비 등을 지원합니다. (교육급여 문의: 교육급여 콜센터 1544-9654)",,
,,,,국민기초생활보장사업_지원절차,국민기초생활보장사업이 지원절차 알려주세요,"국민기초생활보장사업 상담 및 신청은 어디서 하나요?
국민기초생활보장사업 조사 및 심사는 어떤것을 하나요?  
국민기초생활보장사업 급여 결정, 통지는 언제 알수 있나요?
국민기초생활보장사업 신청에 비용이 드나요?
","[지원절차]
-상담 및 신청은 주민등록상 주소지 읍·면·동 주민센터, 연중 가능합니다.
-조사 및 심사는 가구 소득·재산, 부양의무자 등 조사
-급여결정, 통지는 30일 이내 통지(60일 이내 연장가능)
* 신청에는 비용이 들지 않습니다, 금품을 요구하며 접근하는 경우 절대 응하지 마십시오.",https://www.brcn.go.kr/welfare/sub01_01.do,
,,,,자활근로사업,자활근로사업이 뭐에요?,"자활근로사업 
자활근로사업 대상 알려줘
자활근로산업 사업종류 알려줘
자활근로산업 신청방법은 뭔가요??
자활근로산업 구비서류는?
자활근로산업 문의하고 싶어요
","자활근로사업이란 저소득층의 자활의욕 고취 및 일자리제공으로 자립계기 마련을 위한 제도입니다.

[대상] 
조건부수급자, 자활급여특례자, 차상위자활, 일반수급자 입니다.

[사업종류] 
민간위탁사업 (자활공동체), 직접사업 (환경정비, 복지도우미사업)

[신청방법]
읍 · 면 · 동 주민센터에 방문하여 신청서 작성 제출하시면 됩니다.

[신청시 필요한 구비서류]
자활근로사업신청서, 자활근로사업 조건표.

[문의사항]
자활의료담당자 041-930-3367",https://www.brcn.go.kr/welfare/sub01_02.do,
,,,,자산형성사업_희망키움통장,희망키움통장이 뭔가요?,"희망키움통장 알려줘  
희망키움통장 누가 가입할 수 있어? 
희망키움통장 가입 조건 알려줘 
희망키움통장 지원액 알려줘 
자산형성사업 뭐뭐 있어","**표**
구분	희망키움통장 Ⅰ	희망키움통장Ⅱ
가입대상	일반노동시장 취 · 창업자 수급가구	비수급 근로빈곤층 중 일반노동 시장에서 최근 1년간 6개월이상 근로한 자
	(근로소득이 최저생계비 60% 이상)	(근로소득 최저생계비 90%이상
		120%이하)
월 본인	10만원	10만원
저축액		
정부 지원액	근로소득장려금 (월 평균 26만원)	근로소득장려금 (본인저축액 1:1)
		
추가 지원액	-	-
지원 조건	3년 이내 탈수급 조건	통장 3년 유지 및 교육이수 조건
	* 사용관계 증빙서류 제출	* 사용관계 증빙서류 제출
		
실질 혜택	(3년, 3인 가구 기준) 평균 1,300만원 (최대 2,000만원) 적립	(3년 기준) 평균 720만원 (5년 개인 통장 유지 시) 약 1,000만원",https://www.brcn.go.kr/welfare/sub01_03.do,
,,,,자산형성사업_내일키움통장,내일키움통장 알려주세요,"내일키움통장 가입 조건 알려줘 
내일키움통장 혜택이 뭐야
자산형성사업 뭐뭐 있어","**표**
구분	내일키움통장
가입대상	자활근로사업단참여자 (최근 3개월 이상
	성실 참여자)
	
월 본인	5만원 또는 10만원
저축액	(선택)
정부 지원액	내일키움장려금 본인 저축액 1:1 (시장진입형), 1:0.5 (사회서비스형)
	매칭 지원
추가 지원액	내일키움수익금 최대 15만원 (자활근로사업단수익금에 따라 차등지원)
지원 조건	3년 이내 일반 노동 시장등으로 취 · 창업 및 교육 이수 조건
	* 사용관계 증빙서류
	제출
실질 혜택	(3년 기준) 평균 1,100만원 (최대 1,300만원) 적립",https://www.brcn.go.kr/welfare/sub01_03.do,
,,,,의료급여사업_일반,의료 급여사업에 대해 알려줘,의료 급여사업이 뭐에요?," 의료급여사업은 생활유지능력이 없거나 생활이 어려운 국민들에게 발생하는 의료문제인 개인의 질병, 부상, 출산 등에 대해 진찰·검사, 치료 등의 의료급여 서비스를 제공하는 사업입니다.

[문의]
자활의료담당자 041-930-3367, 041-930-3366, 041-930-3369",,
,,,,의료급여사업_대상,의료급여사업 대상을 알려주세요,의료급여사업 대상은 누구야?,"[의료급여사업의 대상]
-국민기초생활보장수급권자
-행려환자
*행려환자란 
환자의 거소가 불분명하고 행정기관 (경찰관서, 소방관서 (119구급대원) 등) 이 ‘응급의료에 관한 법률’에서 정하는 응급진료를 받게 하였으며 부양의무자 (1촌 이내의 직계혈족 및 그 배우자) 가 없는 무연고자이거나 부양의무자가 있어도 부양능력이 없거나 부양 받을 수 없는 경우의 환자

[타 법에 의한 수급권자]
-“재해구호법”에 의한 이재민
-“의사상자 예우에 관한 법률”에 의한 의상자 및 의사자의 유족
-""입양촉진 및 절차에 관한 특례법”에 의해 국내에 입양된 18세 미만의 입양아동
-“국가유공자 등 예우 및 지원에 관한 법률”과 “독립유공자 예우에 관한 법률”에서 정하는 국가유공자 및 그 가족
-“문화재 보호법”에 의한 중요무형문화재 보유자 및 그 가족
-“북한이탈주민의 보호 및 정착지원에 관한 법률”에 적용받고 있는 북한 이탈주민 (새터민) 과 그 가족
-“5․18 민주화운동 관련자 보상 등에 관한 법률”에 의한 5․18 민주화운동 관련자 및 그 유족
-″노숙인 등의 복지 및 자립지원에 관한 법률″에 따른 노숙인

[문의]
자활의료담당자 041-930-3367, 041-930-3366, 041-930-3369",,
,,,,의료급여사업_급여기준,의료급여사업의 급여기준을 알려주세요,"
의료급여사업 급여기준을 알려줘
의료급여사업 급여절차 알려줘
의료급여사업 지원내용 알려줘","[급여내용]
진찰․검사, 약제․치료재료 지급, 처치․수술, 예방․재활, 간호, 이송 등 (의료급여법 제7조)

[급여범위 및 급여비용]
건강보험과 유사 (정신과 등 일부 수가체계 상이)

[급여절차]
1단계 : 1차 의료급여기관(의원, 보건소, 보건지소, 보건진료소, 보건의료원)에서 
2단계 : 2차 병원, 종합병원으로 의료급여릐뢰서를 의뢰하면 
3단계 :  3차 복지부장관이 지정한 진료기관으로 의료급여의뢰서 전송 후 2차 의료기관 1차의료기관으로 회송한다. 
※ 의료급여의 절차에 의하지 않고(의료급여의뢰서 없이) 의료급여기관을 이용한 경우에는 소요된 비용의 총액은 100/100 본인 부담하여야 합니다.

**표**
[본인 부담금액]
구분 1차기관 2차기관 3차기관 약국
1종 외래 1,000원 1,500원 2,000원 500원
입원 본인부담 없음 본인부담없음 본인부담없음 -
2종 외래 1,000원 급여비용의 15% 급여비용의 15% 500원
입원 급여비용의 10% 급여비용의 10% 급여비용의 10% -
2종 장애인 외래 250원 본인부담없음 본인부담없음 500원
입원 본인부담없음 본인부담없음 본인부담없음 -",,
,,,,의료급여사업_건강생활 유지비 지원내용,의료급여사업 건강생활유지비 지원내용을 알려주세요,"건강생활유지비 지원내용 
건강생활유지비가 뭐야","[건강생활유지비]
지원대상 : 의료급여 1종 수급권자
지원내용 : 본인이 외래진료를 받는 경우 본인부담금으로 사용할 수 있도록 비용 일부 지원
지원금액 : 1인당 매달 6천원 (건강보험공단 가상계좌 매월 1일 입금)",https://www.brcn.go.kr/welfare/sub01_04.do,
,,,,의료급여사업_장애인보장구 지원내용,의료급여사업 장애인보장구 지원내용 알려줘,"장애인보장구 지원 
장애인보장구 구매 지원","[장애인보장구]
지원대상 : 의료급여수급권자 중 장애인복지법에 등록한 장애인
지원품목 : 의지, 보조기, 보청기, 수동휠체어, 전동스쿠터, 전동휠체어 등
지원금액 : 1종, 2종 (기준액 범위 내에서 구입가 전액)
신청서류 : 보장구처방전 (거주지 동일 시 · 도내 의료급여기관 발급), 보장구급여신청서",https://www.brcn.go.kr/welfare/sub01_04.do,
,,,,의료급여사업_임신 · 출산 진료비 지원내용,의료급여사업 임신 진료비 지원내용 알려줘  ,"의료급여사업 출산 진료비 지원내용 알려줘 
임신 진료비 지원받을 수 있는 거 알려줘 
출산 할 때 금액 지원","[임신 · 출산 진료비]
지원대상 : 의료급여수급권자 중 임신이 확인된 자
지원내용 : 보장기관에서 임신․출산 진료비 지원을 결정한 날부터 ~ 출산 예정일 + 60일
지원금액 : 1,2종 구분 없이 50만원 (기간 내에 사용하지 못한 잔액은 소멸)
신청서류 : 의료급여 임신·출산 진료비 지원 (변경) 신청서 1부, 임신사실증명서 (의사 소견서) 1부",https://www.brcn.go.kr/welfare/sub01_04.do,
,,,,의료급여사업_노인틀니 지원내용,의료급여사업 노인 틀니 지원내용 알려줘,"노인들 틀니할때 지원받을 수 있는거 알려줘 
틀니 지원받으려면 어떻게 해야돼","[노인틀니지원]
지원대상 : 만70세 이상 의료급여 수급권자
적용대상 : 레진상, 금속상 완전틀니, 클라스프 부분틀니,사전 임시틀니, 사후 유지관리
적용횟수 : 7년 주기로 1회 적용, 중복급여 금지
지원금액 : 의료급여비용 총액의 1종수급권자는 80%, 2종수급권자는 70%
신청서류 : 의료급여 틀니 대상자 등록 신청서",https://www.brcn.go.kr/welfare/sub01_04.do,
,,,,의료급여사업_의료급여 제한 사유,의료급여사업 중 의료급여 제한 사유 알려주세요,의료급여사업 중 의료급여 제한 사유 알고싶어요 ,"[의료급여 제한 사유]
교통사고 (오토바이, 경운기, 자동차 등), 산업재해, 폭행, 구타, 본인의 고의 또는 중대한 과실 (자살시도) 등으로 인한 병원진료에 대해서는
의료급여 적용이 제한되며 의료급여증 대여(타인), 의약품 판매행위등 적발시에는 급여중지 및 법적 처벌을 받게됩니다.

[문의]
자활의료담당자 041-930-3367, 041-930-3366, 041-930-3369",,
,,,,지역사회서비스투자사업_일반,지역사회서비스투자사업에 대해 알려줘,지역사회서비스 투자사업에 대해 알고싶어요  ,"[사회서비스바우처]
노인, 장애인, 아동 등 사회서비스를 필요로 하는 사람들에게 일종의 이용권(카드)을 발급하여 서비스를 받을수 있도록 하는 제도입니다. 

[사회서비스바우처 종류]
-아동 · 청소년 심리지원서비스 (아동심리케어)
-아동비전형성지원 서비스 
-장애인 · 노인을 위한 돌봄여행서비스 
-시각장애인 안마서비스 
-장애인보조기기렌탈 
-정신건강토탈케어서비스 
-보행불편노인을 위한 보행보조기렌탈서비스 
-가사 · 간병 방문지원사업",,
,,,,지역사회서비스투자사업_신청절차,지역사회서비스투자사업 신청절차를 알려주세요,"지역사회서비스 신청권자는 누구에요? 
지역사회서비스 신청기간은 언제에요? 
지역사회서비스 신청방법 알려줘","[신청권자]
사회복지서비스를 필요로 하는 자와 그 친족 그 밖의 관계인 

[신청기간]
연중 (수시)
 ※ 예산 소진시 조기 마감될수 있습니다.

[신청방법]
거주지 읍 · 면 · 동 주민센터 직접방문 신청

[제출서류]
관련신청서 및 안내동의서 등 관련 증빙서류",,
,,,,아동심리케어 서비스_지원내용,아동심리케어 서비스 지원내용은 뭐야?,"아동심리케어 서비스 지원내용은 뭐야? 
ADHD 아동 지원 서비스 있어?
아동심리케어 서비스 알려줘 
청소년 심리 지원 서비스 알려줘 
문제 행동 아이 심리 케어 서비스 알려줘","[아동 · 청소년 심리지원서비스 (아동심리케어)]
문제행동(ADHD)의 조기발견과 개입을 통하여, 문제행동을 감소시키고, 정서행동장애로의 발전을 막아 정상적 성장 지원 

[지원 대상]
-기준중위소득 140%이하
-만18세이하
-비 장애 문제행동아동

[서비스 내용]
-월 4회 (주 1회 50분)
-문제행동아동에 대한 심리상담, 음악, 미술,놀이, 언어치료

[서비스가격 / 기간]
정부지원금 112 ~ 144천원, 본인부담금 16 ~ 48천원/12개월

[문의]
복지기획담당자 041-930-3361",,
,,,,아동비전형성지원 서비스_지원내용,아동비전형성지원 서비스 지원내용은 뭐야? ,"아이들 비전 만들기 지원 서비스 알려줘
아동 비전형성 지원 서비스에 대해 궁금합니다.","[아동비전형성지원 서비스]
아동시기의 체계적인 교육․ 문화활동 및 자기주도향상 프로그램을 통해 긍정적인식과 미래비전을 형성하고, 책임감 있는 사회구성원으로 성장하도록 지원

[지원 대상]
-기준중위소득 120%이하
-만7세 ~ 만12세

[서비스 내용]
-월 4회 (1:1 회당 60분, 1:2 회당 90분, 1:3 회당 120분)
-상담, 교육 (자기주도학습 등) 특기개발, 부모면담 등, 체험 격월 1회

[서비스가격 / 기간]
정부지원금 112천원 ~ 126천원, 본인부담금 14 ~ 28천원/12개월

[문의]
복지기획담당자 041-930-3361",,
,,,,장애인 · 노인을 위한 돌봄여행서비스_지원내용,장애인 · 노인을 위한 돌봄여행서비스 지원내용은 뭐야? ,"장애인을 위한 돌봄여행서비스 지원내용은 뭐야? 
노인을 위한 여행서비스 지원내용은 뭐야? 
장애인 여행 서비스 알려줘 
노인 여행 하는거 알려줘 ","[장애인 · 노인을 위한 돌봄여행서비스]
관광에 대한 높은 욕구에도 불구하고 신체적 특성으로 인한 활동제약 및 관광인프라 부족으로 양질의 서비스를 받지 못하는 장애인 · 노인을 위한 특화된 전문 돌봄여행 서비스 제공 

[지원 대상]
-기준중위소득 140%이하
-가구의 신체활동이 가능한 등록장애인 및 65세이상 노인

[서비스 내용]
-1회(1박2일) / 평생1회
-여행바우처와 중복 신청 불가

[서비스가격 / 기간]
정부지원금 125천원 ~ 155천원, 본인부담금 25천원 / 1회

[문의]
복지기획담당자 041-930-3361",,
,,,,시각장애인 안마서비스_지원내용,시각장애인 안마서비스 지원내용은 뭐야?,"시각장애인 일자리 알려줘 
시각장애인 안내 
시각장애인 한테 안마 받는 서비스","[시각장애인 안마서비스]
노인성 질환자의 건강을 증진하고, 일반사업 등에 취업이 곤란한 시각장애에게 일자리제공

[지원 대상]
-기준중위소득 140%이하자
-가구의 근골격계, 신경계, 순환계 질환이 있는 만 60세 이상인자, 지체 및 뇌병변 등록장애인 

[서비스 내용]
-월 4회 (주 1회 60분)
-해당질환의 증상개선을 위한 안마, 마시지, 지압 등 수기요업 및 기타 자극요법에 의한 안마서비스 

[서비스가격 / 기간]
정부지원금 136,800원, 본인부담금 15,200원

[문의]
복지기획담당자 041-930-3361",,
,,,,장애인보조기기렌탈_지원내용,장애인보조기기렌탈 지원내용은 뭐야? ,"장애인 보조기기 렌탈 사업 알려줘 
장애 아동 휠체어 렌탈 사업 
특수 장애아동 기기 빌려주는거","[장애인보조기기렌탈]
장애아동의 특수 휠체어 구입 및 리폼에 대한 경제적 부담 경감으로 특수장애아동의 정상적 신체발달 지원

[지원 대상]
-만 18세이하의 장애판정을 받은 지체 및 뇌병변 장애 아동 등
※ 소득 기준 없음

[서비스 내용]
-보조기기 대여 및 성장단계별 맞춤지원대상 장애아동의 성장단계에 적합한 맞춤형 보조기기 대여 및 성장 단계에 따른 맞춤지원 
-렌탈 12개월, 정기점검 등 

[서비스가격 / 기간]
월 120천원 (정부지원금 84 ~ 108천원, 본인부담금 12 ~ 36천원)

[문의]
복지기획담당자 041-930-3361",,
,,,,정신건강토탈케어서비스_지원내용,정신건강토탈케어서비스 지원내용은 뭐야? ,"정신질환자 도와주는 서비스 알려줘 
정신 질환 상담 받고싶어","[정신건강토탈케어서비스]
정신질환자의 조기 발견과 개입 (생활관리) 을 통하여 입원을 예방하고 지역사회에서 적응하여 취업 및 자립생활을 할 수 있도록 지원

[지원 대상]
-기준중위소득 120%이하자 (정신장애인은 120% 이하)
-정신과 치료가 필요하다는 정신과 의사의 소견서 및 진단서 발급이 가능한 자 (정신과 병원 16일 이상 입원자는 제외)

[서비스 내용]
-월 4회 (주 1회) 상담, 증상 · 약물관리, 일상생활지원, 사회적응 및 취업지원

[서비스가격 / 기간]
월 20만원 (정부지원금 180천원, 본인 부담금 20천원) / 12개월

[문의]
복지기획담당자 041-930-3361",,
,,,,보행불편노인을 위한 보행보조기렌탈서비스_지원내용,보행불편노인을 위한 보행보조기렌탈서비스 지원내용은 뭐야? ,"노인 보행 보조기 지원사업 알려줘 
노인 보조기기 서비스 사업 ","[보행불편노인을 위한 보행보조기렌탈서비스]
심신기능 저하로 자립적 보행이 어려운 노인들에게 보행보조기 지원을 통한 일상생활 수행 편의 제공 및 안전보행으로 신체건강과 다양한 사회활동 참여기회 제공

[지원 대상]
-만 65세 이상 전국 가구 월평균 소득 120%이하 가구의 퇴행성 관절염 등으로
보행이 불편한 노인

[서비스 내용]
-초기상담, 신체능력의 측정 및 평가를 통해 대상자의 신체에 맞는 맞춤형 보행보조기 지원 및 사용자교육, AS 및 수리 서비스 제공

[서비스가격 / 기간]
정부지원금 45천원, 본인부담금 12천원 / 12개월

[문의]
복지기획담당자 041-930-3361",,
,,,,가사 · 간병 방문지원사업_지원내용,가사 · 간병 방문지원사업 지원내용은 뭐야? ,가사간병 사업 알려줘,"[가사 · 간병 방문지원사업]

[지원 대상]
만65세 미만의 생계·의료·주거·교육급여 수급자, 차상위 계층중
① 1~3급의 장애인 및 중증 질환자
② 소년.소녀가정, 조손가정, 법정보호세대인 한부모 가정의 자녀 또는 손자녀 

[서비스 내용]
-신체수발 지원
-신변활동 지원
-가사 지원
-일상생활 지원

[서비스가격 / 기간]
- 생계․의료급여 수급자(기준/월)
24시간:정부지원 235,000원/본인부담 무료
27시간:정부지원 255,150원/본인부담 9,450원 
- 주거․교육급여 수급자 및 차상위 계층(기준/월)
24시간:정부지원 217,680원/본인부담 17,520원)
27시간:정부지원 244,890원/본인부담 19,710원)

[문의]
복지기획담당자 041-930-3361",,
,,,,행복키움지원_일반,행복키움지원이 뭐에요?,행복키움지원 서비스에 대해 알려줘,"행복키움지원 서비스는 지역사회 공공 · 민간자원의 협력을 토대로 나눔문화를 확산하고 복지, 보건, 고용, 주거, 교육 등 필요한 서비스를 통합적으로 제공하는 맞춤형 복지서비스입니다.",https://www.brcn.go.kr/welfare/sub01_06.do,
,,,,행복키움지원_행복키움지원단 시스템,행복키움지원단 시스템이 뭐에요?,행복키움지원 시스템에 대해서 알려줘 ,"[행복키움지원단 시스템]
<IMAGE>
행복키움지원단 시스템
https://www.brcn.go.kr/images/specific/welfare/sub1/sub01_06_img02.gif",https://www.brcn.go.kr/welfare/sub01_06.do,이미지 꺽새
,,,,행복키움지원_서비스 제공 절차,행복키움지원이 서비스 제공 절차를 알려주세요,"행복키움지원 사례관리가구는?   
행복키움지원 서비스 연계가구는? 
행복키움지원 서비스 처리기한 알려줘","[서비스 제공 절차]
읍 · 면 · 동에서 초기상담 실시 이후 의뢰된 대상자에 대해 모두 욕구조사를 실시하고, 그 결과를 토대로 내부사례회의를 통해 사례관리, 서비스연계가구로 구분 적용합니다.

-사례관리가구 : 1개월 이상의 중장기적 개입이 필요한 가구
-서비스연계가구 : 욕구가 단편적이어서 1개월 미만의 단기적 개입이 가능한 가구
-서비스 처리기한 : 대상자 접수일로부터 30일내 서비스제공계획 수립",https://www.brcn.go.kr/welfare/sub01_06.do,
,,,,보훈_참전명예수당 및 생일축하금,보훈 참전명예수당 및 생일축하금에 대해 알고싶어,"보훈 참전명예수당 신청방법에 대해 알려줘
보훈 생일축하금 지원대상은?   
참전 명예 수당 장제보조비 지급시기는?
보훈 참전명예수당 및 생일축하금 지원금액은?","[신청방법] 
거주지 읍 · 면 · 동 사무소

[지원대상]
 「참전유공자예우 및 단체설립에 관한 법률」 제2조 제2호 및 4호에 따라 국가보훈처에 등록된 참전 유공자로 현재 보령시에 주소를 둔 사람

[지급시기]
신청이 있는 달부터 매월 말일 지급

[지원금액]
월 15만원 내 지급(참전명예수당 10만원, 생일축하금 5만원)
※ 참전유공자 사망시 장제보조비 15만원 지급",https://www.brcn.go.kr/welfare/sub01_07.do,
,,,,보훈_보훈명예수당,보훈명예수당에 대해 알려줘,"보훈명예수당 신청방법 알려줘
보훈명예수당 지원대상은?
보훈명예수당 지급시기는?
보훈명예수당 지원금액은?","[신청방법]
거주지 읍 · 면 · 동 사무소

[지원대상]
-국가유공자 등 예우 및 지원에 관한 법률 제4조의제1항제1호부터 제3호까지에 해당하는 순국선열, 애국지사, 전몰군경 및 유족 (국가보훈처에서 발급한 유족증 소지자) 로 신청일 현재 보령시에 주민등록이 되어있는 자. 
-단, 현 유족증 소지자가 사망 시 승계받은 유족 1명에게만 수당이 지급되며 다른 유족에게 이전되지 아니함 

[지급시기]
신청이 있는 달부터 매월 말일 지급

[지원금액]
월 5만원",,
,,,,보훈_보훈단체현황,보훈단체 현황에 대해 알려줘,"보훈 단체현황은?
보훈 단체 알려줘","**표**
단체명	단체설립일	회원수	위치	전화번호	비고
상이군경회	1963	210	신설2길 52
(보훈회관)	041-935-3436	
전몰군경유족회	1963	121
전몰군경미망인회	1963	110
무공수훈자회	1988. 1	153	큰오랏 7길 31-14
(무공수훈자회관)	041-935-0435	
고엽제전우회	2000. 2	137	천변북길 121
(시종합사회복지관내)	041-933-2708	
특수임무유공자회	2006. 7	159	대해로 50
(궁촌동)	041-931-8240	
6.25 참전유공자회	1991. 1	540	대천로 35
(대천 1동 센터 내)	041-931-6253	
월남전참전자회	1994.12	286	신설4길 52-6
(전우회관)	041-935-1585	
광복회홍성보령
연합지회	2007. 5	54 (12)	홍성읍 의사로 36-13	041-634-0815	",https://www.brcn.go.kr/welfare/sub01_07.do,
,,,,노인복지지원_ 일반(설명+지급대상),노인복지지원에 대해서 알려줘,"노인복지지원이 뭐에요?
기초연금제도가 뭐에요?
노인복지지원 지급대상은 뭐에요?","[기초연금제도]
만 65세 이상 노인 중 소득과 재산이 적은 70%의 노인에게 매달 일정액의 연금을 지급하여 안정적인 소득기반을 제공함으로써 노인의 생활 안정을 지원하고 복지를 증진 (2014년 5월 20일 기초연금법 제정)

[지급대상]
-만65세 이상 
-소득 · 재산 조사 결과 소득인정액이 선정기준액 이하인 어르신
※ 소득인정액 : 월 소득평가액 + 재산의 소득환산액
※ 2018년 선정기준액 : 단독 131만 / 부부 209.6만",,
,,,,노인복지지원_연금액선정 및급여기준,노인복지지원 연금액 선정에 대해 알려주세요,"노인복지지원 연금액 선정이 뭐에요?
노인복지지원 연금액 지급 알려주세요
노인복지지원 연금액 선정 및 급여기준을 알려주세요","[연금액]
-단독가구 (1인) : 2 ~ 20만원 차등 지급	
-부부가구 (2인) : 4 ~ 32만원 차등 지급 
※신청자의 소득인정액과 국민연금의 유형에 따라 지급액을 결정
※신청에 근거하여 공적자료에 의한 소득재산 조사를 거쳐야 정확한 기초연금 지급액을 알 수 있음 

[선정 및 급여 기준]
-대상자 선정 (소득인정액 산정) 은 가구단위 (부부합산) 로 급여 지급 
-기초연금액 산정은 개인단위",,
,,,,"
노인복지지원_신청방법,신청기간,구비서류 기타 문의 및 안내",노인복지지원 신청방법에 대해서 알려주세요,"노인복지지원 신청방법은?
노인복지지원 신청은 누가하나요? 
노인복지지원 신청기간은?
노인복지지원 구비서류는?
노인복지지원 문의번호 알려주세요","[신청방법]
방문신청 : 주소지 동 주민센터 또는 국민연금공단지사
온라인신청 : 복지로 (http://online.bokjiro.go.kr) 로 집에서 신청
※온라인 신청 시에는 본인, 배우자, 동일주소 자녀가 신청할 수 있으며 신청자 및 배우자, 대리신청자의 공인인증서 필요 

[신청기간]
만65세 (1953년생) 생일이 속하는 달의 1개월 전부터 신청 · 접수 가능

[구비서류]
신분증, 연금 지급대상자 명의 통장, 신청서, 금융정보제공동의서, 소득재산신고서 등 (대리 신청시 대리인의 신분증, 위임장 등을 추가로 제출)

[기타 문의 및 안내]
사회복지과 노인복지 담당 041-930-3317 기초연금제도 연금액

<LINK>
복지로 홈페이지
http://online.bokjiro.go.kr
복지로 온라인 신청",,
,,,,노인복지시설,노인복지시설에 대해 알려줘,"노인 요양시설 알려줘 
보령 내에 있는 요양원 알려줘 
노인 생활 시설 알려줘","[노인요양시설 및 요양공동생활가정]
**표**
연번	기관명	급여종류	기관주소	기관전화번호
1	웅천노인복지시설	노인요양공동생활가정	웅천읍 한내1길 270	041-933-6596
2	삼육소담노인요양
공동생활가정	노인요양공동생활가정	청소면 마참길 42-27	041-934-3536
3	포도나무실버타운	노인요양공동생활가정	오천면 원산도3길 151-12	041-935-0663
4	보령사랑의집	노인요양공동생활가정	남포면 사현1길 62	041-931-3316
5	대천요양원	노인요양시설	성주면 성주산로 367	041-931-9920
6	행복한집	노인요양시설	남포면 봉덕2길 12 (봉덕2길 14)	041-931-6111
7	소화데레사의집	노인요양시설	대량비선재길 65-69 (신흑동)	041-932-3918
8	생생꿈마을요양원	노인요양시설	주교면 척골길 233	041-933-3003
9	보령요양원	노인요양시설	남포면 보령남로 207	041-933-1144
10	살렘동산	노인요양시설	천북면 심박동길 81	041-641-8284
11	보령실버홈	노인요양시설	남포면 보령남로 205	041-933-6415",,
,,,,복지용구제공 사업소,복지용구제공 사업소 알려줘 ,"노인 복지용구 제공하는  곳 알려줘 
복지용구 제공 기관 어디있어","[복지용구제공사업소] 
**표**
연번	기관명	급여종류	기관주소	기관전화번호
1	동부케어	방문요양, 방문목욕,
복지용구제공사업소	청수로길 85 (대천동)	041-934-0675
2	보령의료기	복지용구제공사업소	원동1길 30-13 (대천동)	041-935-2419
3	보령복지용구센터	복지용구제공사업소	보령북로 195
(대천동, 흥화아파트상가 301호)	041-935-1882
",,
,,,,방문간호,노인 방문간호 하는 곳 알려줘 ,"방문 간호 시설 어디야 
방문 간호 복지시설","[방문간호] 
**표** 
연번	기관명	급여종류	기관주소	기관전화번호
1	대천간호재가복지센터	방문요양, 방문목욕,
방문간호	번영로 26 (대천동, 2층)	041-932-5399
2	산돌간호재가복지센터	방문요양, 방문목욕,
방문간호	명동로 4 (대천동)	041-932-6004
3	보령방문간호센터	방문간호	보령북로 195
(대천동, 흥화아파트상가 301호)	041-936-1883",,
,,,,방문요양,방문 요양 시설 알려줘 ,"방문 요양 센터 어디야 
방문 요양 해주는 곳","[방문요양]
**표**
연번	기관명	급여종류	기관주소	기관전화번호
1	보령노인복지센터	방문요양, 방문목욕
주야간보호	대천로 113 (죽정동)	041-931-7681
2	웅천노인복지센터	방문요양, 방문목욕	웅천읍 한내1길 270	041-933-6596
3	보령복지노인방문요양센터	방문요양, 방문목욕	희망1길 102-24 (동대동)	041-932-8502
4	동부케어	방문요양, 방문목욕
복지용구제공사업소	청수로길 85 (대천동)	041-934-0675
5	향천노인복지센터	방문요양, 방문목욕	청라면 향천리길 65	041-932-8581
6	중앙방문요양센터	방문요양, 방문목욕	남대천로 91
(대천동, 태영상가 302호)	041-932-3119
7	기쁨나눔노인요양방문센터	방문요양, 방문목욕	명동로 29 (대천동)	041-935-4904
8	한마음복지센터	방문요양, 방문목욕	성주면 심원계곡로 403-54	041-933-5680
9	신웅천재가복지센터	방문요양, 방문목욕	웅천읍 장터중앙길 97	041-933-2059
10	효도노인재가장기요양센터	방문요양, 방문목욕	대흥로 82 (대천동)	041-935-4236
11	원산도노인복지센터	방문요양, 방문목욕,
주야간보호	오천면 원산도3길 151-12	041-936-6005
12	대천간호재가복지센터	방문요양, 방문목욕,
방문간호	번영로 26 (대천동, 2층)	041-932-5399
13	보령사랑노인복지센터	방문요양, 방문목욕	남포면 사현1길 62	041-936-3332
14	금빛재가복지센터	방문요양, 방문목욕	신평로 33 (동대동)	041-935-6566
15	효자손 방문요양센터	방문요양, 방문목욕	주산면 충서로 405	041-933-6755
16	청소효사랑재가복지센터	방문요양, 방문목욕	청소면 청소큰길 194	041-932-3803
17	보령지역자활센터 부설
돌봄복지센터	방문요양, 방문목욕	원동1길 95 (동대동)	041-936-8509
18	미소요양복지센터	방문요양, 방문목욕	대흥로 99 (대천동)	041-936-1568
19	행복재가센터	방문요양, 방문목욕	남포면 봉덕2길 12 (봉덕2길 14)	041-931-6111
20	늘푸른재가복지센터	방문요양, 방문목욕	큰오랏7길 14 (동대동)	041-931-7080
21	주향노인복지센터	방문요양, 방문목욕	작은오랏6길 24 (동대동)	041-933-7949
22	대천노인복지센터	방문요양, 방문목욕	큰오랏4길 14 (동대동)	041-931-0691
23	소망노인복지센터	방문요양, 방문목욕	주교면 토정로 651	041-931-2321
24	(주) 벨에스엠-실버 (보령센터)	방문요양, 방문목욕	신설3길 24-2, 2층 (동대동)	041-933-6641
25	곰내요양복지센터	방문요양, 방문목욕	웅천읍 장터중앙길 133-11	041-931-6988
26	은혜재가복지센터	방문요양, 방문목욕	주공로 50 (명천동, 명천2차@
종합상가 203호)	041-936-1515
27	홀몸어르신지원방문요양센터	방문요양	신설2길 94-1, 203호 (동대동)	041-936-8799
28	햇살노인재가복지센터	방문요양, 방문목욕	중앙로 11 (동대동)	041-935-9067
29	보령밀알교회부설그루터기
재가복지센터	방문요양, 방문목욕
주야간보호	서낭댕이길 11-1 (동대동)	041-931-0999
30	민들레재가복지센터	방문요양, 방문목욕	성주면 성주중앙길 54-13	041-933-5740
31	힐링재가복지센터	방문요양, 방문목욕	번영로 25 (대천동)	041-935-8508
32	사랑나눔요양센터	방문요양, 방문목욕	원동2길 28-3 (대천동)	041-935-0456
33	동부케어재가복지센터	방문요양, 방문목욕	청수로길 85 (대천동)	070-7691-0675
34	섬김재가노인방문요양
보호센터	방문요양, 방문목욕	희망1길 90 (동대동)	041-935-1988
35	산돌간호재가복지센터	방문요양, 방문목욕,
방문간호	명동로 4 (대천동)	041-932-6004
36	평화재가복지센터	방문요양, 방문목욕	미산면 만수로 1066	041-933-1272
37	동행복지센터	방문요양	신설3길 51 (동대동)	041-933-2094",,
,,,,주야간 보호,노인 주야간 보호 시설 알려줘,"노인 주간 보호 센터 
노인 야간 보호 센터 
노인 주야간으로 돌봐주는 곳 ","[주야간보호] 
**표**
연번	기관명	급여종류	기관주소	기관전화번호
1	보령노인복지센터	방문요양, 방문목욕
주야간보호	대천로 113 (죽정동)	041-931-7681
2	원산도노인복지센터	방문요양, 방문목욕
주야간보호	오천면 원산도3길 151-12	041-936-6005
3	보령밀알교회부설그루터기
재가복지센터	방문요양, 방문목욕
주야간보호	서낭댕이길 11-1 (동대동)	041-931-0999",,
,,,,방문목욕,노인 방문목욕 시설 알려줘,"노인 방문목욕 해주는 곳 
노인 방문 목욕 센터","[방문목욕]
**표**
연번	기관명	급여종류	기관주소	기관전화번호
1	보령노인복지센터	방문요양, 방문목욕
주야간보호	대천로 113 (죽정동)	041-931-7681
2	웅천노인복지센터	방문요양, 방문목욕	웅천읍 한내1길 270	041-933-6596
3	보령복지노인방문요양센터	방문요양, 방문목욕	희망1길 102-24 (동대동)	041-932-8502
4	동부케어	방문요양, 방문목욕,
복지용구제공사업소	청수로길 85 (대천동)	041-934-0675
5	향천노인복지센터	방문요양, 방문목욕	청라면 향천리길 65	041-932-8581
6	중앙방문요양센터	방문요양, 방문목욕	남대천로 91
(대천동, 태영상가 302호)	041-932-3119
7	기쁨나눔노인요양방문센터	방문요양, 방문목욕	명동로 29 (대천동)	041-935-4904
8	한마음복지센터	방문요양, 방문목욕	성주면 심원계곡로 403-54	041-933-5680
9	신웅천재가복지센터	방문요양, 방문목욕	웅천읍 장터중앙길 97	041-933-2059
10	효도노인재가장기요양센터	방문요양,방문목욕	대흥로 82 (대천동)	041-935-4236
11	원산도노인복지센터	방문요양, 방문목욕
주야간보호	오천면 원산도3길 151-12	041-936-6005
12	대천간호재가복지센터	방문요양, 방문목욕,
방문간호	번영로 26 (대천동, 2층)	041-932-5399
13	보령사랑노인복지센터	방문요양, 방문목욕	남포면 사현1길 62	041-936-3332
14	금빛재가복지센터	방문요양, 방문목욕	신평로 33 (동대동)	041-935-6566
15	효자손 방문요양센터	방문요양, 방문목욕	주산면 충서로 405	041-933-6755
16	청소효사랑재가복지센터	방문요양, 방문목욕	청소면 청소큰길 194	041-932-3803
17	보령지역자활센터 부설
돌봄복지센터	방문요양, 방문목욕	원동1길 95 (동대동)	041-936-8509
18	미소요양복지센터	방문요양, 방문목욕	대흥로 99 (대천동)	041-936-1568
19	행복재가센터	방문요양, 방문목욕	남포면 봉덕2길 12 (봉덕2길 14)	041-931-6111
20	늘푸른재가복지센터	방문요양, 방문목욕	큰오랏7길 14 (동대동)	041-931-7080
21	주향노인복지센터	방문요양, 방문목욕	작은오랏6길 24 (동대동)	041-933-7949
22	대천노인복지센터	방문요양, 방문목욕	큰오랏4길 14 (동대동)	041-931-0691
23	소망노인복지센터	방문요양, 방문목욕	주교면 토정로 651	041-931-2321
24	(주) 벨에스엠-실버 (보령센터)	방문요양, 방문목욕	신설3길 24-2, 2층 (동대동)	041-933-6641
25	곰내요양복지센터	방문요양, 방문목욕	웅천읍 장터중앙길 133-11	041-931-6988
26	은혜재가복지센터	방문요양, 방문목욕	주공로 50 (명천동, 명천2차@
종합상가 203호)	041-936-1515
27	햇살노인재가복지센터	방문요양, 방문목욕	중앙로 11 (동대동)	041-935-9067
28	보령밀알교회부설그루터기
재가복지센터	방문요양, 방문목욕,
주야간보호	서낭댕이길 11-1 (동대동)	041-931-0999
29	민들레재가복지센터	방문요양, 방문목욕	성주면 성주중앙길 54-13	041-933-5740
30	힐링재가복지센터	방문요양, 방문목욕	번영로 25 (대천동)	041-935-8508
31	사랑나눔요양센터	방문요양, 방문목욕	원동2길 28-3 (대천동)	041-935-0456
32	동부케어재가복지센터	방문요양, 방문목욕	청수로길 85 (대천동)	070-7691-0675
33	섬김재가노인방문요양
보호센터	방문요양, 방문목욕	희망1길 90 (동대동)	041-935-1988
34	산돌간호재가복지센터	방문요양, 방문목욕,
방문간호	명동로 4 (대천동)	041-932-6004
35	평화재가복지센터	방문요양, 방문목욕	미산면 만수로 1066	041-933-1272",,
,,,,노인사회활동지원_일반,노인사회활동지원에 대해 알고싶어요,"노인사회활동지원 신청 대상은?
노인사회활동지원 모집방법은?
노인사회활동지원근무기간 및 여건은?","[신청대상]
만65세 이상 기초연금 수급권자로 근로 능력 있는 어르신

[모집방법]
수행기관별 모집 (2월중), 인원부족시 수시모집

[근무 기간 및 여건]
9개월 (3 ~ 11월), 20만원, 월 30 ~ 35시간, 주 2 ~ 3회 근무",,
,,,,노인사회활동지원_사업내용 및 사업효과,노인사회활동지원 사업내용 및 사업효과가 알고싶어요,"노인사회활동지원 사업내용 알려줘 
노인사회활동지원  사업효과 알려줘","[공익활동]
-전국형 (4개 프로그램) : 저소득 재가노인의 안정적 생활유지 서비스 제공 (주요사업 : 어르신 안부묻기, 말벗서비스, 도시락배달서비스 등)
-지역형 : 지역특성에 맞게 필요한 공공사업 발굴 및 사업추진 (주요사업 : 아동안전보호, 초등학교 급식도우미, 지역사회 환경개선, 어르신강사파견, 노인확대예방, 아동 · 청소년 보호지원 등 )

[취업활동]
-인력파견형 : 수요처와 연계하여, 필요한 인력 파견 (주요사업 : 잔디식재 등 인력파견 등)

[창업활동]
-공동작업형 : 영농사업으로 작물, 화훼재배를 통한 수익창출 (주요사업 : 황금분재원, 지역영농사업 등)
-제조판매형 : 제조판매를 통한 수익창출 (주요사업 : 누룽지 판매 )

[사업효과]
노인의 능력과 적성에 맞는 사회적 일자리를 창출하여 노인의 건강유지, 사회참여 확대, 소득보장 등 노인복지향상으로 고령사회에 적극 대비",,
,,,여성/가족,노인사회활동지원_사업수행기관,노인사회활동지원 사업수행기관은 뭐야?,노인사회활동지원_사업수행기관 번호 알려줘,"[사업수행기관]
-보령시 사회복지과 (읍 ‧ 면 ‧ 동)
-대한노인회보령시지회 (041-931-2968)
-보령노인종합복지관 (041-931-7677)
-보령효나눔센터 (041-931-8491)",,
,,,,무연분묘 개장공고,무연분묘 개장공고 알려줘,무연분묘 공고사항 알려줘,"[무연분묘 공고]
무연분묘 공고는 아래 URL에서 확인 가능합니다. 
<LINK>
무연분묘 공고
https://www.brcn.go.kr/cop/bbs/BBSMSTR_000000000682/selectBoardList.do
무연분묘 공고 URL",,URL 대괄호
,,,,여성권익증진사업,여성권익증진사업에 대해 알려줘,"여성자치대학 운영 시기 알려줘
여성 발명 창의교실 운영시기 알려줘
여성친화 아카데미 운영 시기 알려줘
여성주간 기념행사 시기 알려주세요
","[여성의 능력개발과 사회참여 확대 사업]
여성자치대학 운영: 6 ~ 8월 (10회) / 道와 연계
여성 발명 창의교실 운영: 3월 중 / 35명
여성친화 아카데미 운영: 연 3회 / 450명
여성주간 기념행사 : 7월 중 / 800명
여성 리더의 품격 UP 교육: 1회 / 50명",https://www.brcn.go.kr/welfare/sub03_01.do,
,,,,다문화가족지원_다문화가족지원센터 및 주요사업 현황,다문화가족지원센터 및 주요사업 현황을 알려주세요,"다문화가족지원센터 주요사업 현황 
다문화 가족 센터에서 하는 사업 알려줘 
다문화 지원 센터 교육 알려주세요","[다문화 가족 지원 센터]
위치 : 보령시 보령시 주공로 50(명천동) 
전화번호 : 041-936-8506

[센터 운영 사업]
-교육사업 
한국어교육 : 1~4단계 및 특별반 운영
방문교육 : 한국어교육·부모교육·자녀생활 서비스
다문화가족통합교육 : 가족교육, 배우자·부부교육, 부모자녀교육, 다문화이해교육 등
다문화가족취업연계 및 교육지원
-상담사업 
상담 및 사례관리
-문화사업 
다문화가족 나눔봉사단, 다문화가족 자조모임 
-홍보 및 정보 제공 
다문화 인식개선 및 지역사회 홍보, 지역사회 네트워크 강화 특성화사업 

[특성화사업]
통번역서비스 : 중국어, 베트남어, 필리핀어, 러시아어
언어발달지원 : 언어평가 및 교육이 필요한 다문화가족 자녀(만12세 이하)",https://www.brcn.go.kr/welfare/sub03_02.do,
,,,,다문화가족지원_보령시 미혼자 국제결혼과 정착을 통한 다문화가정 지원,보령시 미혼자 국제결혼과 정착을 통한 다문화가정 지원 대상과 지원금액 알려주세요,"보령시 미혼자 국제결혼과 정착을 통한 다문화가정 지원 대상은?
보령시 미혼자 국제결혼과 정착을 통한 다문화가정 지원 금액은?
국제 결혼 지원금 
국제 결혼 정착 지원금 
국제 결혼 다문화 지원금","[대상]
만35세이상 만50세이하인 농업인 및 어업인 중 국제결혼일 3년이상 전부터 계속 관내 거주자(지원대상일로부터 6개월이내 신청)

[지원금액]
결혼지원금 : 100만원
첫째 아이를 출산시 : 정착지원금 200만원
둘째 아이를 출산시 : 정착지원금 200만원",https://www.brcn.go.kr/welfare/sub03_03.do,
,,,,한부모가족지원_지원대상,한부모가족지원 지원대상을 알려줘,"한부모가족지원 지원대상은?
한부모가족지원 부모 가족 조건 알려줘
한부모가족지원 조손가족이 뭐야
한부모가족지원 청소년 한부모가족","[한부모가족 지원 지원대상]
다음에 해당하는 세대주인 모(母) 또는 부(父)와 만 18세미만(취학 시 만 22세 미만)의 자녀로 이루어진 가정으로서, 2017년 선정기준(소득인정액 기준)을 충족한 자
※ 2012년도부터는 한부모가족에 만18세(취학 시 만22세) 이상의 자녀가 있을 경우에는 그 자녀를 제외한 나머지 가족구성원을 보호함.
※ 지원아동의 나이가 만 18세(취학 시 만22세, 군복무후 취학시 병역의무기간을 가산한 연령)가 도달하는‘연도말’ 까지 지원

[한부모(모 · 부자) 가족]
-배우자와 사별 또는 이혼했거나(이혼소송 중인 자는 제외) 배우자로부터 유기된 자
-정신 또는 신체장애로 인하여 6개월 이상 장기간 근로(노동)능력을 상실한 배우자를 가진 자 (경제활동으로 소득이 있는 경우는 제외, 공적자료로 파악)
-미혼모 또는 미혼부 (사실혼 관계에 있는 자는 제외)
-배우자의 생사가 분명하지 않은 자
※ 배우자의 실종선고 절차가 진행중인 자, 관할 시군구청장이 가출 또는 행방불명 사실을 확인한 경우(거주 불명등록자, 주민등록 직권말소 등)
-가정폭력 등에 의한 배우자 또는 배우자 가족과의 불화 등으로 인하여 가출한 자
-배우자의 군복무로 인하여 부양을 받을 수 없는 자
-배우자의 장기복역으로 인하여 부양을 받을 수 없는 자
-국내에 체류하고 있는 외국인(출입국관리법 제31조에 따른 외국인 등록을 마친 자) 중 대한민국 국민과 혼인 하여 대한민국 국적의 아동을 양육하고 있는 경우로서 위의 조건을 갖춘 자 (미혼모 또는 미혼부 제외)

[조손 가족]
부모로부터 부양을 받지 못하는 아동과 그 아동을 양육하는 (외)조부 또는 (외)조모

[청소년 한부모 가족 ]
한부모가족(모 · 부자가족)의 조건을 갖춘 경우로써 모 또는 부의 연령이 만 24세 이하인 가족
*2017년도 지원대상 연령은 1992년1월1일 이후 출생한 한부모",https://www.brcn.go.kr/welfare/sub03_00.do,
,,,,한부모가족지원_2017년 선정기준(소득인정액 기준),한부모가족지원 선정기준은?,"한부모가족지원 선정기준 알려줘 
한부모 지원 소득인정액이 얼마야 
한부모 가정 선정 받으려면 기준이 어떻게돼","**표**
구분 2인 3인 4인 5인 6인
한부모 및 조손가족
(기준중위소득의 52%) 1,463,513 1,893,276 2,323,038 2,752,799 3,182,562
청소년 한부모가족
(기준 중위소득의 60%) 1,688,669 2,184,549 2,680,428 3,176,307 3,672,187
<참고> 생계급여 수급자
(기준 중위소득의 30%) 844,335 1,092,274 1,340,214 1,588,154 1,836,093",https://www.brcn.go.kr/welfare/sub03_01.do,
,,,,한부모가족지원_지원내용,한부모가족지원 지원내용은?,"한부모가족 지원내용 알려줘 
한부모가족 양육비 지원 알려줘 
한부모가족 추가 아동 양육비 지원 알려줘 
한부모가정 월동비 지원 알려줘 
한부모가족 자녀 학비 지원 알려줘 
한부모가족 자녀 학습 지원비 지원 알려줘 
한부모가족 학용품비 지원 알려줘 
한부모가족 교복 지원비 알려줘 
한부모가족 지원 금액 알려주세요 
이혼 가정 금액적으로 지원되는거 알려주세요

","[한부모가족 지원 내용] 
※부 또는 모의 연령이 만 24세 이상인 경우
**표** 
구분	지원대상	지원금액	지원시기
아동양육비	만 13세미만 아동
※ 2004년1월1일 이후 출생아동	자녀 1인당 월 120,000원
※신규책정자의 경우 신청월로 소급지원	매월 20일
추가아동양육비	만 5세이하 아동
(25세이상 미혼한부모, 조손가족)
※ 2011년1월1일 이후 출생아동	자녀 1인당 월 50,000원
※신규책정자의 경우 신청월로 소급지원	매월 20일
월동비	가구별	가구당 연 300,000원	10월말
자녀학비	고등학교 재학중인 자녀	입학금 및 수업료 지원
(학적조회후 학교별 은행계좌 입금)
※ 나머지 금액은 교육청에서 지원	3,6,9,12월
(말일)
자녀학습지원비	초 · 중 · 고등학교 재학중인 자녀	
초등학생 연 200,000원
중학생 연 300,000원
고등학생 연 400,000원
반기별
학용품비	중 ·고등학교 재학중인 자녀	연 1회 / 54,100원 지원	연중
교복지원비
(보령시 시책)	중 ·고등학교 신입생	
동복 250,000원 지원
하복 150,000원 지원
반기별",https://www.brcn.go.kr/welfare/sub03_02.do,
,,,,청소년 한부모가족지원_지원내용,청소년 한부모가족 지원내용을 알려줘 ,"청소년 한부모 가족 아동 양육비 지원 알려줘 
청소년 한부모 가정 검정고시 지원금액 알려줘 
고등학생 한부모 고등학생 교육비 
청소년 한부모 자립촉진수당 알려줘","[청소년 한부모가족 지원 내용]
※부 또는 모의 연령이 만 24세 이하인 경우 
**표** 
지원구분	청소년 한부모
아동양육비	청소년 한부모
검정고시학습비	청소년 한부모
고교생교육비	청소년 한부모
자립촉진수당
지급시기	월별	수시지급 (신청시)	분기별 지급	월별 지급
지원액	월 17만원	연 154만원 이내	실비	월 10만원
지원대상	기준중위소득 60%이하
(생계급여수급자제외)	기준중위소득 60%이하
(교육급여수급자제외)	기준중위소득
53%~60%이하
(교육급여수급자제외)	생계급여
의료급여
수급자
지원계획	계좌입금	해당 청소년 한부모가등록한 학원 또는 개인계좌로 입금	해당 청소년 한부모가
재학중인 학교로 계좌입금	계좌입금",,
,,,,한부모가족지원_기타 지원내용,한부모가족 주거지원 내용을 알려줘,"한부모가족 주거지원 알려줘
한부모가족 주거지원 내용은 뭐가있어?
한부모가정 지원 알려줘 
한부모 가정 자동차 수수료 감면 
한부모 가족 이동통신료 지원 
한부모가족 통신비 
한부모 건강 보험료 
한부모가족 전기요금 
한부모가족 취업성공패키지 
한부모가족 소송 지원 사업 
한부모 차상위 양곡 할인 혜택","[한부모가족 주거지원]
-영구임대주택, 기존주택 매입임대주택, 영세민 전세임대주택 입주 신청에 “무주택 저소득 한부모 가족”은 1순위로 신청 가능
-자동차 검사 수수료 감면 : 교통안전공단 자동차 정기 및 종합검사 수수료 50% 감면
-무인민원 발급기에서 한부모가족 증명서 발급 가능
-이동통신요금 감면혜택 (기본료 및 통화료의 35% 감면됨) : “복지전화신청용수급자증명서” 발급 후 통신사에 방문 제출, 1가구당 총 4명까지 가능
-건강보험료 지원 : 지역가입자 해당, 부과소득 및 재산기준에 따라 월 보험료 10~30% 경감, 국민건강보험공단에 “한부모가족 증명서” 제출
-전기요금 할인 :차상위계층(한부모가족 해당)은 월 최대 2,000원 감면 (국번없이 123에 문의)
-취업성공패키지 : 고용노동부 사업, 취업상담 및 연계, 교육 등(고용노동부 1350 문의)
-자녀양육비 및 친자확인인지청구 소송지원사업 : 여성가족부가 소송비용 전액 지원 (문의 국번없이 132)
-차상위 양곡할인혜택 : 주소지 읍·면·동주민센터 신청",https://www.brcn.go.kr/welfare/sub03_03.do,
,,,,한부모가족지원_관련 사업안내,한부모가족지원 관련 사업을 알려줘,"한부모가족 관련 사업중 양육비이행관리원이 뭐야?
한부모가족 관련 사업중 한부모가족 자녀양육비 이행확보 무료법률지원사업은 뭐야?","[양육비이행관리원 (여성가족부 산하)]
-지원내용 : 복잡한 절차와 많은 비용으로 양육비를 포기한 양육부 · 모들의 어려움을 덜어내고, 자녀양육비 확보를 위하여 정부에서 양육비 이행 원스톱 종합서비스를 제공
-양육비 관련 상담 및 협의성립 지원
-양육비 청구 및 이행확보 등을 위한 법률지원
-합의 또는 법원의 판결에 의하여 확정된 양육비 채권 추심지원
-양육비 채무 불이행자에 대한 제재조치
-한시적 양육비 긴급지원 
-문의전화 : 1644-6621 

<LINK>
양육비이행관리원
www.childsupport.or.kr
양육비이행관리원 홈페이지

[한부모가족 자녀양육비 이행확보 무료법률지원사업 (여성가족부)]
-지원내용 : 자녀를 양육하는 모(또는 부)가 이혼 이후 자녀를 양육하지 않는 전 배우자로부터 양육비를 지급 받을 수 있도록 자녀양육비 청구 및 이행확보(강제집행, 압류, 전 배우자의 봉급에서 징수 등)을 위하여 자녀 양육비 이행확보 무료법률지원사업 실시
-문의
대한법률구조공단(국번없이 132)
한국가정법률상담소(국번없이 1644-7077)
대한변호사협회( 02-3476-6515)

<LINK>
대한법률구조공단
www.Klac.or.kr
대한법률구조공단 홈페이지

<LINK>
한국가정법률상담소
www.lawhome.or.kr
한국가정법류상담소 홈페이지

<LINK>
대한변호사협회
www.legalaid.or.kr
대한변호사협회 홈페이지",,
,,,,경력단절여성취업지원,경력단절여성취업지원에 대해 알려줘,"여성새로일하기센터에 대해 알려줘
경력단절여성 취업지원 센터가 있어?","[여성새로일하기센터 사업개요]
목 적 : 경력단절여성 취업지원 전담 ONE-STOP 여성종합취업지원센터 운영
사업기간 : 연중 (2009. 2. 여성가족부 최초지정)
추진근거 : 경력단절여성등의 경제활동촉진법

[사업추진]
사업운영 : 1개 센터(보령여성새로일하기센터)
주요사업 : 여성인턴제,사후 관리지원, 취업설계사 운영, 직업교육훈련과정 운영 등

[문의]
보령여성새로일하기센터 041-935-9663",https://www.brcn.go.kr/welfare/sub03_04.do,
,,,,아이돌봄서비스_아이돌봄지원사업(일반),아이돌봄지원 사업에 대해 알려줘,"아이돌봄지원 이용방법 알려줘
아이돌봄지원 어떤걸 지원하나요?
아이돌봄지원 어떤종류가 있나요?","[사업기관]
보령시 건강가정지원센터(돌보미 연계 및 서비스 제공)

[이용문의]
위치 : 보령시 중앙로 15 인승빌딩 202호
전화 : 041-935-0131
팩스 : 041-933-0132

[신청방법]
1. 아이돌봄지원사업 홈페이지에 회원가입
2. 정부지원-양육공백 입증자료 및 소득증명 자료 준비하여 읍·면·동 주민센터로 신청
3. 보령시 건강가정지원센터 아이돌봄지원사업팀으로 이용예약

<LINK>
아이돌봄지원사업
https://idolbom.mogef.go.kr
아이돌봄지원사업 홈페이지",https://www.brcn.go.kr/welfare/sub03_05.do,
,,,,아이돌봄서비스_사업내용,아이돌봄지원 돌봄 종류를 알려주세요,"아이돌봄지원 시간제돌봄은 뭐에요?
아이돌봄지원 종합형돌봄은 뭐에요?
아이돌봄지원 종일제돌봄은 뭐에요?
아이돌봄지원 보육교사형 돌봄은 뭐에요?","[시간제 돌봄]
-부모가 올 때까지 임시 보육, 놀이활동
-간단한 급·간식 서비스
-보육시설 및 학교 등·하원 서비스
-안전·신변보호 처리 등
-가사활동 제외

[종합형 돌봄]
-시간제서비스 외 돌봄아동과 관련된 가사 서비스 제공

[종일제 돌봄]
-이유식,젖병소독,기저귀갈기, 목욕 등 영아 돌봄과 관련된 활동전반(건강, 영양, 위생, 교육 등)
-양육수당과 중복 지원 불가
-가사활동 제외

[보육교사형 돌봄]
-보육교사 자격증을 소지한 아이돌보미의 월간활동 계획에 따른 영아 표준 돌봄 프로그램 서비스 제공",https://www.brcn.go.kr/welfare/sub03_06.do,
,,,,아이돌봄서비스_이용요금,아이돌봄서비스 이용요금 알려줘,"아이돌봄서비스 얼마에요?
아이돌봄 서비스 시간제는 얼마에요?
아이돌봄서비스 종일제는 얼마에요?","[아이돌봄서비스 이용요금]
**표**
유형	소득 기준(‘15년)
(전국가구 평균소득,
4人 기준)	시간제(6천원/시간)	종일제(월120만원/200시간)
정부지원	본인부담	0세	1세
정부지원	본인부담	정부지원	본인부담
가	50% 이하
(월 248만원)	4,500원	1,500원	84만원	36만원	78만원	42만원
나	50~70% 이하
(월 348만원)	2,700원	3,300원	72만원	48만원	66만원	54만원
다	70~100% 이하
(월 497만원)	1,5000원	4,500원	60만원	60만원	54만원	66만원
라	100% 초과	-	6,000원	48만원	72만원	42만원	78만원",https://www.brcn.go.kr/welfare/sub03_05.do,
,,,,건강가정사업_일반,건강가정사업 이용문의 ,"건강가정사업이 뭐에요?
건강가정사업 문의하고 싶어요","[건강가정사업]
가족문제의 예방과 해결을 위한 가족돌봄나눔사업, 생애주기별 가족교육사업, 가족상담사업, 가족친화문화조성사업, 정보제공 및 지역사회네트워크 사업추진 하고 있으며 일반가족은 물론 한부모가족, 조손가족, 다문화가족, 일탈청소년가족, 군인가족, 수용자가족, 맞벌이가족, 이혼 전후 가족 등의 다양한 가족지원을 위한 상담, 교육 및 문화프로그램이 결합된 맞춤형 통합서비스를 제공

[이용문의]
전화 : 041-934-3133 보령시건강가정지원센터
상담전용전화 : 041-934-0033
행복누리공동육아나눔터 : 070-7730-1589
팩스 : 041-933-0132
센터 홈페이지
센터 다음카페
행복누리공동육아나눔터 카페

<LINK>
보령시건강가정지원센터
boryeong.familynet.or.kr
보령시건강가정지원센터 홈페이지

<LINK>
보령시건강가정지원센터 다음카페
http://cafe.daum.net/brhf
보령시건강가정지원센터 다음카페

<LINK>
행복누리공동육아나눔터 다음카페
http://cafe.daum.net/boryeongfamily
행복누리공동육아나눔터 다음카페",https://www.brcn.go.kr/welfare/sub03_06.do,
,,,,건강가정사업_건강가정 사업영역,건강가정사업엔 뭐가 있나요?,건강가정사업의 영역을 알려줘,"[건강가정사업 영역]
1. 가족돌봄나눔 
-모두가족봉사단,모두가족품앗이,아버지- 자녀가 함께하는 토요프로그램,아이돌보미사업,공동육아나눔터

2. 가족교육 
-생애주기별(조)부모교육 : 예비/신혼기 부부, 결혼준비교육학년 전/학년기, 청소년기 자녀를 둔 부모교육, 중년 개, 노년기 교육
-남성대상 교육: 아버지교육, 남성대상 놀봄참여

3. 가족상담 
-가족(집단)상담,이혼 전/후 가족상담,부모자녀 상담,부부상담,재혼가족상담,고부갈등상담,가족관계에 의한 갈등상담 등

4. 지역사회연계 
-지역사회 협의체 연계,센터사업 유관기관 연계

5. 다양한 가족 통합지원 
-조손가족,맞벌이가족,군인가족

6. 가족문화 
-가족사랑의 날 프로그램,가족여가 프로그램,지역참여 및 나눔행사,건강가정 관련 캠페인 등 이 있습니다",https://www.brcn.go.kr/welfare/sub03_06.do,
,,,,여성친화도시조성,여성친화도시가 무엇인가요?,"여성친화도시 설명해줘
여성친화도시에 대해 알려줘","[여성친화도시]
지역발전에 남녀가 동등하게 참여하고, 여성ㆍ가족친화적인 도시공간을 재조명하고 일상적인 삶의 불편을 없애고 안전과 편리, 참여와 소통, 배려가 보장되는 시민 모두가 행복하고 살기좋은 여성친화도시 조성 사업

[여성친화도시 4대 가치]
-형평성 : 지역사회 참여 기회 및 일상생활의 안전과 편의 형평성
-돌봄 : 아동, 노인, 장애인 돌봄을 시민들과 공유하며 여성의 일과 가정생활 양립
-친환경 : 생태적이며 지속 가능한 방향으로 삶을 촉진하는 지역발전
-소통 : 시민들과 대화하고 의견을 청취하여 민주적이며 개방적인 열린도시

[시민 모두가 행복하고 살기좋은 여성친화도시 조성]
-사업기간 : 2014년 ~ 2018년
-추진체계
1단계 : 여성친화도시 조성 인프라 기반 구축, 여성가족부와 여성친화도시 지정(2013.12.2)
2단계 : 여성친화도시 조성을 위한 과제 추진(63개)
3단계 : 여성친화도시 조성사업 평가, 기존 사업 개선 및 신규사업 발굴
-추진영역 : 6개영역(안전, 돌봄, 건강, 문화, 성평등, 일자리)
-여성 가족의 삶에 영향을 주는 사업에 성인지 관점 반영 추진으로 시민의 삶의 질 향상",https://www.brcn.go.kr/welfare/sub03_07_01.do,
,,,,여성친화도시조성_조성사업,여성친화도시조성사업 어떤 일을 했나요?,여성친화도시조성사업 성과 알려줘,"[여성친화도시 조성 사업]
**표**
과제명	부서명	비고
계 (63개)		
Ⅰ. 안전	안전 지킴 CCTV 관제센터 구축 운영	안전재난과	
학교폭력, 성폭력, 성희롱 예방 시범학교 운영	사회복지과	
여성 · 가족전용 관광숙박단지 조성	사회복지과	
여성이 안전한 공중화장실 조성	환경보호과	
장애없는 보행환경 조성	도로교통과	
시각장애인을 위한 교통체계 개선	도로교통과	
주차장 관리 조례 개정	도로교통과	
밝고 안전한 밤거리 조성	문화체육관리사업소	
밤길 안전귀가 시스템 구축	총무과	
시민이 행복한 안전도시 보령 만들기	안전재난과	
물놀이 안전 MOU 체결 및 해수욕장 안전지도 제작	안전재난과	
여성아동이 안전한 골목길 비상벨 설치	사회복지과	
시민 모니터링 활동 활성화	사회복지과	
폐광지역 빈집정비사업 추진	건설과	
유니버설 및 셉테드 공공디자인 공모	도시과	
블랙박스 LED 보안등 설치	문화체육관리사업소	
Ⅱ. 돌봄	「 가족사랑의 날 」 운영 추진	총무과	
임산부, 장애인, 노약자 우선배려 창구 설치 운영	민원지적과	
공동 육아 나눔터 가족품앗이 운영	사회복지과	
남성 독거노인 가사 독립 멘토 양성 파견	사회복지과	
부부 출산준비교실 운영	보건소	
귀농 · 귀촌 · 귀향인 적극 유치, 성공적 정착지원	농업기술센터	
대천해수욕장 내 수유실 설치 및 유모차, 휠체어 무료
대여 서비스	문화체육관리사업소	
어르신 동거동락 생활방 운영	사회복지과	
장애아동 · 청소년 별빛교실 운영	사회복지과	
맞벌이 부부를 위한 보육시간 연장 운영비 지원	사회복지과	
보호자 없는 병실 운영	보건소	
Ⅲ. 건강	여성이 행복한 고향의 강 대천천 조성	안전재난과	
자전거도로 인프라 구축	도로교통과	
여성친화 보령 무궁화수목원 조성	산림공원과	
저염식 조리체험교실 운영	보건소	
농어촌 여성 건강검진	보건소	
여성노인 AQUA (수중) 운동교실 운영	보건소	
위기노인 방문 건강상담 운영	보건소	
안전하고 편리한 농작업보조구 지원	농업기술센터	
여성배려 헬스장 운영	문화체육관리사업소	
청천저수지 주변 자전거길 조성	도로교통과	
Ⅳ. 문화	가족친화적 죽정공공도서관 운영	문화공보실	
작은도서관 운영 및 조성	문화공보실	
보령종합체육관 여성친화적 설계기준 적용 조성	문화공보실	
여성친화 아카데미 운영	사회복지과	
여성장애인 문화체험 프로그램 운영	사회복지과	
여성에게 편리한 전통시장 이용환경 조성	지역경제과	
보령명천택지개발조성사업	도시과	
여성친화 문화 Zone 조성	문화체육관리사업소	
가족친화 무창포해수욕장 전망타워 조성	해수욕장경영사업소	
Road 여행도시 보령 조성	사회복지과	
청라면 농촌중심지 활성화 사업	건설과	
마을사업 모델 육성	건설과	
Ⅴ. 성평등	각종 위원회 여성위원 비율 확충	총무과	
여성관리직 임용목표제 도입	총무과	
읍 · 면 · 동 주민자치센터 여성위원 확대	새마을정보과	
여성친화도시 BSC 성과관리 평가	사회복지과	
찾아가는 여성친화도시 교육	사회복지과	
도시계획위원회 성인지 정책전문가 참여 의무화	도시과	
여성친화도시 BSC 성과관리 평가	사회복지과	
찾아가는 여성친화도시 교육	사회복지과	
여성농업인 농기계 지원 확대	농정과	
각종 사업 선정시 여성농업인 참여 확대	농정과	
만세보령 농업대학 여성 선발 비율 확대	농업기술센터	
Ⅵ. 일자리	여성친화적 농공단지 조성-청라농공단지	지역경제과	
여성 사회적 · 마을기업 육성	지역경제과	
여성 지역공동체 일자리사업 발굴	지역경제과	
여성 농기계활용 교육 및 자격증반 시범운영	농업기술센터	
상수도 주부 검침원 제도 확대 · 개선 운영	수도사업소	",https://www.brcn.go.kr/welfare/sub03_07_04.do,